2025-05-01 00:42:58,751 INFO o.h.j.i.u.LogHelper [qtp1097074122-30] HHH000204: Processing PersistenceUnitInfo [name: orderPU]
2025-05-01 00:42:58,802 INFO o.h.Version [qtp1097074122-30] HHH000412: Hibernate ORM core version 5.4.33.Final
2025-05-01 00:42:58,994 INFO o.h.a.c.Version [qtp1097074122-30] HCANN000001: Hibernate Commons Annotations {5.1.2.Final}
2025-05-01 00:42:59,171 WARN o.h.o.c.pooling [qtp1097074122-30] HHH10001002: Using Hibernate built-in connection pool (not for production use!)
2025-05-01 00:42:59,175 INFO o.h.o.c.pooling [qtp1097074122-30] HHH10001005: using driver [org.postgresql.Driver] at URL [jdbc:postgresql://localhost:5432/orderdb]
2025-05-01 00:42:59,175 INFO o.h.o.c.pooling [qtp1097074122-30] HHH10001001: Connection properties: {user=postgres, password=****}
2025-05-01 00:42:59,175 INFO o.h.o.c.pooling [qtp1097074122-30] HHH10001003: Autocommit mode: false
2025-05-01 00:42:59,175 INFO o.h.e.j.c.i.DriverManagerConnectionProviderImpl [qtp1097074122-30] HHH000115: Hibernate connection pool size: 20 (min=1)
2025-05-01 00:43:01,268 WARN o.h.e.j.e.i.JdbcEnvironmentInitiator [qtp1097074122-30] HHH000342: Could not obtain connection to query metadata
java.lang.IllegalStateException: Cannot get a connection as the driver manager is not properly initialized
	at org.hibernate.engine.jdbc.connections.internal.DriverManagerConnectionProviderImpl.getConnection(DriverManagerConnectionProviderImpl.java:172) ~[hibernate-core-5.4.33.Final.jar:5.4.33.Final]
	at org.hibernate.engine.jdbc.env.internal.JdbcEnvironmentInitiator$ConnectionProviderJdbcConnectionAccess.obtainConnection(JdbcEnvironmentInitiator.java:180) ~[hibernate-core-5.4.33.Final.jar:5.4.33.Final]
	at org.hibernate.engine.jdbc.env.internal.JdbcEnvironmentInitiator.initiateService(JdbcEnvironmentInitiator.java:68) ~[hibernate-core-5.4.33.Final.jar:5.4.33.Final]
	at org.hibernate.engine.jdbc.env.internal.JdbcEnvironmentInitiator.initiateService(JdbcEnvironmentInitiator.java:35) ~[hibernate-core-5.4.33.Final.jar:5.4.33.Final]
	at org.hibernate.boot.registry.internal.StandardServiceRegistryImpl.initiateService(StandardServiceRegistryImpl.java:101) ~[hibernate-core-5.4.33.Final.jar:5.4.33.Final]
	at org.hibernate.service.internal.AbstractServiceRegistryImpl.createService(AbstractServiceRegistryImpl.java:263) ~[hibernate-core-5.4.33.Final.jar:5.4.33.Final]
	at org.hibernate.service.internal.AbstractServiceRegistryImpl.initializeService(AbstractServiceRegistryImpl.java:237) ~[hibernate-core-5.4.33.Final.jar:5.4.33.Final]
	at org.hibernate.service.internal.AbstractServiceRegistryImpl.getService(AbstractServiceRegistryImpl.java:214) ~[hibernate-core-5.4.33.Final.jar:5.4.33.Final]
	at org.hibernate.engine.jdbc.internal.JdbcServicesImpl.configure(JdbcServicesImpl.java:51) ~[hibernate-core-5.4.33.Final.jar:5.4.33.Final]
	at org.hibernate.boot.registry.internal.StandardServiceRegistryImpl.configureService(StandardServiceRegistryImpl.java:107) ~[hibernate-core-5.4.33.Final.jar:5.4.33.Final]
	at org.hibernate.service.internal.AbstractServiceRegistryImpl.initializeService(AbstractServiceRegistryImpl.java:246) ~[hibernate-core-5.4.33.Final.jar:5.4.33.Final]
	at org.hibernate.service.internal.AbstractServiceRegistryImpl.getService(AbstractServiceRegistryImpl.java:214) ~[hibernate-core-5.4.33.Final.jar:5.4.33.Final]
	at org.hibernate.engine.jdbc.connections.internal.BasicConnectionCreator.convertSqlException(BasicConnectionCreator.java:116) ~[hibernate-core-5.4.33.Final.jar:5.4.33.Final]
	at org.hibernate.engine.jdbc.connections.internal.DriverConnectionCreator.makeConnection(DriverConnectionCreator.java:41) ~[hibernate-core-5.4.33.Final.jar:5.4.33.Final]
	at org.hibernate.engine.jdbc.connections.internal.BasicConnectionCreator.createConnection(BasicConnectionCreator.java:58) ~[hibernate-core-5.4.33.Final.jar:5.4.33.Final]
	at org.hibernate.engine.jdbc.connections.internal.DriverManagerConnectionProviderImpl$PooledConnections.addConnections(DriverManagerConnectionProviderImpl.java:341) ~[hibernate-core-5.4.33.Final.jar:5.4.33.Final]
	at org.hibernate.engine.jdbc.connections.internal.DriverManagerConnectionProviderImpl$PooledConnections.<init>(DriverManagerConnectionProviderImpl.java:260) ~[hibernate-core-5.4.33.Final.jar:5.4.33.Final]
	at org.hibernate.engine.jdbc.connections.internal.DriverManagerConnectionProviderImpl$PooledConnections.<init>(DriverManagerConnectionProviderImpl.java:238) ~[hibernate-core-5.4.33.Final.jar:5.4.33.Final]
	at org.hibernate.engine.jdbc.connections.internal.DriverManagerConnectionProviderImpl$PooledConnections$Builder.build(DriverManagerConnectionProviderImpl.java:379) ~[hibernate-core-5.4.33.Final.jar:5.4.33.Final]
	at org.hibernate.engine.jdbc.connections.internal.DriverManagerConnectionProviderImpl.buildPool(DriverManagerConnectionProviderImpl.java:98) ~[hibernate-core-5.4.33.Final.jar:5.4.33.Final]
	at org.hibernate.engine.jdbc.connections.internal.DriverManagerConnectionProviderImpl.configure(DriverManagerConnectionProviderImpl.java:73) ~[hibernate-core-5.4.33.Final.jar:5.4.33.Final]
	at org.hibernate.boot.registry.internal.StandardServiceRegistryImpl.configureService(StandardServiceRegistryImpl.java:107) ~[hibernate-core-5.4.33.Final.jar:5.4.33.Final]
	at org.hibernate.service.internal.AbstractServiceRegistryImpl.initializeService(AbstractServiceRegistryImpl.java:246) ~[hibernate-core-5.4.33.Final.jar:5.4.33.Final]
	at org.hibernate.service.internal.AbstractServiceRegistryImpl.getService(AbstractServiceRegistryImpl.java:214) ~[hibernate-core-5.4.33.Final.jar:5.4.33.Final]
	at org.hibernate.engine.jdbc.env.internal.JdbcEnvironmentInitiator.buildJdbcConnectionAccess(JdbcEnvironmentInitiator.java:145) ~[hibernate-core-5.4.33.Final.jar:5.4.33.Final]
	at org.hibernate.engine.jdbc.env.internal.JdbcEnvironmentInitiator.initiateService(JdbcEnvironmentInitiator.java:66) ~[hibernate-core-5.4.33.Final.jar:5.4.33.Final]
	at org.hibernate.engine.jdbc.env.internal.JdbcEnvironmentInitiator.initiateService(JdbcEnvironmentInitiator.java:35) ~[hibernate-core-5.4.33.Final.jar:5.4.33.Final]
	at org.hibernate.boot.registry.internal.StandardServiceRegistryImpl.initiateService(StandardServiceRegistryImpl.java:101) ~[hibernate-core-5.4.33.Final.jar:5.4.33.Final]
	at org.hibernate.service.internal.AbstractServiceRegistryImpl.createService(AbstractServiceRegistryImpl.java:263) ~[hibernate-core-5.4.33.Final.jar:5.4.33.Final]
	at org.hibernate.service.internal.AbstractServiceRegistryImpl.initializeService(AbstractServiceRegistryImpl.java:237) ~[hibernate-core-5.4.33.Final.jar:5.4.33.Final]
	at org.hibernate.service.internal.AbstractServiceRegistryImpl.getService(AbstractServiceRegistryImpl.java:214) ~[hibernate-core-5.4.33.Final.jar:5.4.33.Final]
	at org.hibernate.id.factory.internal.DefaultIdentifierGeneratorFactory.injectServices(DefaultIdentifierGeneratorFactory.java:152) ~[hibernate-core-5.4.33.Final.jar:5.4.33.Final]
	at org.hibernate.service.internal.AbstractServiceRegistryImpl.injectDependencies(AbstractServiceRegistryImpl.java:286) ~[hibernate-core-5.4.33.Final.jar:5.4.33.Final]
	at org.hibernate.service.internal.AbstractServiceRegistryImpl.initializeService(AbstractServiceRegistryImpl.java:243) ~[hibernate-core-5.4.33.Final.jar:5.4.33.Final]
	at org.hibernate.service.internal.AbstractServiceRegistryImpl.getService(AbstractServiceRegistryImpl.java:214) ~[hibernate-core-5.4.33.Final.jar:5.4.33.Final]
	at org.hibernate.boot.internal.InFlightMetadataCollectorImpl.<init>(InFlightMetadataCollectorImpl.java:176) ~[hibernate-core-5.4.33.Final.jar:5.4.33.Final]
	at org.hibernate.boot.model.process.spi.MetadataBuildingProcess.complete(MetadataBuildingProcess.java:127) ~[hibernate-core-5.4.33.Final.jar:5.4.33.Final]
	at org.hibernate.jpa.boot.internal.EntityManagerFactoryBuilderImpl.metadata(EntityManagerFactoryBuilderImpl.java:1224) ~[hibernate-core-5.4.33.Final.jar:5.4.33.Final]
	at org.hibernate.jpa.boot.internal.EntityManagerFactoryBuilderImpl.build(EntityManagerFactoryBuilderImpl.java:1255) ~[hibernate-core-5.4.33.Final.jar:5.4.33.Final]
	at org.hibernate.jpa.HibernatePersistenceProvider.createEntityManagerFactory(HibernatePersistenceProvider.java:56) ~[hibernate-core-5.4.33.Final.jar:5.4.33.Final]
	at javax.persistence.Persistence.createEntityManagerFactory(Persistence.java:79) ~[javax.persistence-api-2.2.jar:2.2]
	at javax.persistence.Persistence.createEntityManagerFactory(Persistence.java:54) ~[javax.persistence-api-2.2.jar:2.2]
	at com.ordermanager.utils.JPAUtil.<clinit>(JPAUtil.java:9) ~[classes/:?]
	at com.ordermanager.repository.ItemRepository.<init>(ItemRepository.java:16) ~[classes/:?]
	at com.ordermanager.service.ItemService.<init>(ItemService.java:14) ~[classes/:?]
	at com.ordermanager.controller.ItemController.<init>(ItemController.java:21) ~[classes/:?]
	at sun.reflect.NativeConstructorAccessorImpl.newInstance0(Native Method) ~[?:1.8.0_452]
	at sun.reflect.NativeConstructorAccessorImpl.newInstance(NativeConstructorAccessorImpl.java:62) ~[?:1.8.0_452]
	at sun.reflect.DelegatingConstructorAccessorImpl.newInstance(DelegatingConstructorAccessorImpl.java:45) ~[?:1.8.0_452]
	at java.lang.reflect.Constructor.newInstance(Constructor.java:423) ~[?:1.8.0_452]
	at org.glassfish.hk2.utilities.reflection.ReflectionHelper.makeMe(ReflectionHelper.java:1356) ~[hk2-utils-2.6.1.jar:?]
	at org.jvnet.hk2.internal.ClazzCreator.createMe(ClazzCreator.java:248) ~[hk2-locator-2.6.1.jar:?]
	at org.jvnet.hk2.internal.ClazzCreator.create(ClazzCreator.java:342) ~[hk2-locator-2.6.1.jar:?]
	at org.jvnet.hk2.internal.SystemDescriptor.create(SystemDescriptor.java:463) ~[hk2-locator-2.6.1.jar:?]
	at org.glassfish.jersey.inject.hk2.RequestContext.findOrCreate(RequestContext.java:59) ~[jersey-hk2-2.35.jar:?]
	at org.jvnet.hk2.internal.Utilities.createService(Utilities.java:2102) ~[hk2-locator-2.6.1.jar:?]
	at org.jvnet.hk2.internal.ServiceLocatorImpl.internalGetService(ServiceLocatorImpl.java:758) ~[hk2-locator-2.6.1.jar:?]
	at org.jvnet.hk2.internal.ServiceLocatorImpl.internalGetService(ServiceLocatorImpl.java:721) ~[hk2-locator-2.6.1.jar:?]
	at org.jvnet.hk2.internal.ServiceLocatorImpl.getService(ServiceLocatorImpl.java:691) ~[hk2-locator-2.6.1.jar:?]
	at org.glassfish.jersey.inject.hk2.AbstractHk2InjectionManager.getInstance(AbstractHk2InjectionManager.java:160) ~[jersey-hk2-2.35.jar:?]
	at org.glassfish.jersey.inject.hk2.ImmediateHk2InjectionManager.getInstance(ImmediateHk2InjectionManager.java:30) ~[jersey-hk2-2.35.jar:?]
	at org.glassfish.jersey.internal.inject.Injections.getOrCreate(Injections.java:105) ~[jersey-common-2.35.jar:?]
	at org.glassfish.jersey.server.model.MethodHandler$ClassBasedMethodHandler.getInstance(MethodHandler.java:260) ~[jersey-server-2.35.jar:?]
	at org.glassfish.jersey.server.internal.routing.PushMethodHandlerRouter.apply(PushMethodHandlerRouter.java:51) ~[jersey-server-2.35.jar:?]
	at org.glassfish.jersey.server.internal.routing.RoutingStage._apply(RoutingStage.java:86) ~[jersey-server-2.35.jar:?]
	at org.glassfish.jersey.server.internal.routing.RoutingStage._apply(RoutingStage.java:89) ~[jersey-server-2.35.jar:?]
	at org.glassfish.jersey.server.internal.routing.RoutingStage._apply(RoutingStage.java:89) ~[jersey-server-2.35.jar:?]
	at org.glassfish.jersey.server.internal.routing.RoutingStage._apply(RoutingStage.java:89) ~[jersey-server-2.35.jar:?]
	at org.glassfish.jersey.server.internal.routing.RoutingStage.apply(RoutingStage.java:69) ~[jersey-server-2.35.jar:?]
	at org.glassfish.jersey.server.internal.routing.RoutingStage.apply(RoutingStage.java:38) ~[jersey-server-2.35.jar:?]
	at org.glassfish.jersey.process.internal.Stages.process(Stages.java:173) ~[jersey-common-2.35.jar:?]
	at org.glassfish.jersey.server.ServerRuntime$1.run(ServerRuntime.java:247) ~[jersey-server-2.35.jar:?]
	at org.glassfish.jersey.internal.Errors$1.call(Errors.java:248) ~[jersey-common-2.35.jar:?]
	at org.glassfish.jersey.internal.Errors$1.call(Errors.java:244) ~[jersey-common-2.35.jar:?]
	at org.glassfish.jersey.internal.Errors.process(Errors.java:292) ~[jersey-common-2.35.jar:?]
	at org.glassfish.jersey.internal.Errors.process(Errors.java:274) ~[jersey-common-2.35.jar:?]
	at org.glassfish.jersey.internal.Errors.process(Errors.java:244) ~[jersey-common-2.35.jar:?]
	at org.glassfish.jersey.process.internal.RequestScope.runInScope(RequestScope.java:265) ~[jersey-common-2.35.jar:?]
	at org.glassfish.jersey.server.ServerRuntime.process(ServerRuntime.java:234) ~[jersey-server-2.35.jar:?]
	at org.glassfish.jersey.server.ApplicationHandler.handle(ApplicationHandler.java:684) ~[jersey-server-2.35.jar:?]
	at org.glassfish.jersey.servlet.WebComponent.serviceImpl(WebComponent.java:394) ~[jersey-container-servlet-core-2.35.jar:?]
	at org.glassfish.jersey.servlet.WebComponent.service(WebComponent.java:346) ~[jersey-container-servlet-core-2.35.jar:?]
	at org.glassfish.jersey.servlet.ServletContainer.service(ServletContainer.java:366) ~[jersey-container-servlet-core-2.35.jar:?]
	at org.glassfish.jersey.servlet.ServletContainer.service(ServletContainer.java:319) ~[jersey-container-servlet-core-2.35.jar:?]
	at org.glassfish.jersey.servlet.ServletContainer.service(ServletContainer.java:205) ~[jersey-container-servlet-core-2.35.jar:?]
	at org.eclipse.jetty.servlet.ServletHolder.handle(ServletHolder.java:799) ~[jetty-servlet-9.4.51.v20230217.jar:9.4.51.v20230217]
	at org.eclipse.jetty.servlet.ServletHandler.doHandle(ServletHandler.java:554) ~[jetty-servlet-9.4.51.v20230217.jar:9.4.51.v20230217]
	at org.eclipse.jetty.server.handler.ScopedHandler.nextHandle(ScopedHandler.java:233) ~[jetty-server-9.4.51.v20230217.jar:9.4.51.v20230217]
	at org.eclipse.jetty.server.handler.ContextHandler.doHandle(ContextHandler.java:1440) ~[jetty-server-9.4.51.v20230217.jar:9.4.51.v20230217]
	at org.eclipse.jetty.server.handler.ScopedHandler.nextScope(ScopedHandler.java:188) ~[jetty-server-9.4.51.v20230217.jar:9.4.51.v20230217]
	at org.eclipse.jetty.servlet.ServletHandler.doScope(ServletHandler.java:505) ~[jetty-servlet-9.4.51.v20230217.jar:9.4.51.v20230217]
	at org.eclipse.jetty.server.handler.ScopedHandler.nextScope(ScopedHandler.java:186) ~[jetty-server-9.4.51.v20230217.jar:9.4.51.v20230217]
	at org.eclipse.jetty.server.handler.ContextHandler.doScope(ContextHandler.java:1355) ~[jetty-server-9.4.51.v20230217.jar:9.4.51.v20230217]
	at org.eclipse.jetty.server.handler.ScopedHandler.handle(ScopedHandler.java:141) ~[jetty-server-9.4.51.v20230217.jar:9.4.51.v20230217]
	at org.eclipse.jetty.server.handler.HandlerWrapper.handle(HandlerWrapper.java:127) ~[jetty-server-9.4.51.v20230217.jar:9.4.51.v20230217]
	at org.eclipse.jetty.server.Server.handle(Server.java:516) ~[jetty-server-9.4.51.v20230217.jar:9.4.51.v20230217]
	at org.eclipse.jetty.server.HttpChannel.lambda$handle$1(HttpChannel.java:487) ~[jetty-server-9.4.51.v20230217.jar:9.4.51.v20230217]
	at org.eclipse.jetty.server.HttpChannel.dispatch(HttpChannel.java:732) [jetty-server-9.4.51.v20230217.jar:9.4.51.v20230217]
	at org.eclipse.jetty.server.HttpChannel.handle(HttpChannel.java:479) [jetty-server-9.4.51.v20230217.jar:9.4.51.v20230217]
	at org.eclipse.jetty.server.HttpConnection.onFillable(HttpConnection.java:277) [jetty-server-9.4.51.v20230217.jar:9.4.51.v20230217]
	at org.eclipse.jetty.io.AbstractConnection$ReadCallback.succeeded(AbstractConnection.java:311) [jetty-io-9.4.51.v20230217.jar:9.4.51.v20230217]
	at org.eclipse.jetty.io.FillInterest.fillable(FillInterest.java:105) [jetty-io-9.4.51.v20230217.jar:9.4.51.v20230217]
	at org.eclipse.jetty.io.ChannelEndPoint$1.run(ChannelEndPoint.java:104) [jetty-io-9.4.51.v20230217.jar:9.4.51.v20230217]
	at org.eclipse.jetty.util.thread.QueuedThreadPool.runJob(QueuedThreadPool.java:883) [jetty-util-9.4.51.v20230217.jar:9.4.51.v20230217]
	at org.eclipse.jetty.util.thread.QueuedThreadPool$Runner.run(QueuedThreadPool.java:1034) [jetty-util-9.4.51.v20230217.jar:9.4.51.v20230217]
	at java.lang.Thread.run(Thread.java:750) [?:1.8.0_452]
2025-05-01 00:43:01,329 INFO o.h.d.Dialect [qtp1097074122-30] HHH000400: Using dialect: org.hibernate.dialect.PostgreSQL95Dialect
2025-05-01 00:43:01,377 WARN o.h.e.j.s.SqlExceptionHelper [qtp1097074122-30] SQL Error: 0, SQLState: 08001
2025-05-01 00:43:01,381 ERROR o.h.e.j.s.SqlExceptionHelper [qtp1097074122-30] Connection to localhost:5432 refused. Check that the hostname and port are correct and that the postmaster is accepting TCP/IP connections.
2025-05-01 01:04:55,653 INFO o.h.j.i.u.LogHelper [qtp1447142897-33] HHH000204: Processing PersistenceUnitInfo [name: orderPU]
2025-05-01 01:04:55,729 INFO o.h.Version [qtp1447142897-33] HHH000412: Hibernate ORM core version 5.4.33.Final
2025-05-01 01:04:55,923 INFO o.h.a.c.Version [qtp1447142897-33] HCANN000001: Hibernate Commons Annotations {5.1.2.Final}
2025-05-01 01:04:56,096 WARN o.h.o.c.pooling [qtp1447142897-33] HHH10001002: Using Hibernate built-in connection pool (not for production use!)
2025-05-01 01:04:56,096 INFO o.h.o.c.pooling [qtp1447142897-33] HHH10001005: using driver [org.postgresql.Driver] at URL [jdbc:postgresql://localhost:5432/orderdb]
2025-05-01 01:04:56,096 INFO o.h.o.c.pooling [qtp1447142897-33] HHH10001001: Connection properties: {user=postgres, password=****}
2025-05-01 01:04:56,096 INFO o.h.o.c.pooling [qtp1447142897-33] HHH10001003: Autocommit mode: false
2025-05-01 01:04:56,096 INFO o.h.e.j.c.i.DriverManagerConnectionProviderImpl [qtp1447142897-33] HHH000115: Hibernate connection pool size: 20 (min=1)
2025-05-01 01:04:56,248 INFO o.h.d.Dialect [qtp1447142897-33] HHH000400: Using dialect: org.hibernate.dialect.PostgreSQL95Dialect
2025-05-01 01:04:57,052 INFO o.h.o.c.access [qtp1447142897-33] HHH10001501: Connection obtained from JdbcConnectionAccess [org.hibernate.engine.jdbc.env.internal.JdbcEnvironmentInitiator$ConnectionProviderJdbcConnectionAccess@1f2511ff] for (non-JTA) DDL execution was not in auto-commit mode; the Connection 'local transaction' will be committed and the Connection will be set into auto-commit mode.
2025-05-01 01:04:57,152 WARN o.h.t.s.i.ExceptionHandlerLoggedImpl [qtp1447142897-33] GenerationTarget encountered exception accepting command : Error executing DDL "
    create table User (
       id int8 not null,
        email varchar(255),
        name varchar(255),
        primary key (id)
    )" via JDBC Statement
org.hibernate.tool.schema.spi.CommandAcceptanceException: Error executing DDL "
    create table User (
       id int8 not null,
        email varchar(255),
        name varchar(255),
        primary key (id)
    )" via JDBC Statement
	at org.hibernate.tool.schema.internal.exec.GenerationTargetToDatabase.accept(GenerationTargetToDatabase.java:67) ~[hibernate-core-5.4.33.Final.jar:5.4.33.Final]
	at org.hibernate.tool.schema.internal.AbstractSchemaMigrator.applySqlString(AbstractSchemaMigrator.java:562) ~[hibernate-core-5.4.33.Final.jar:5.4.33.Final]
	at org.hibernate.tool.schema.internal.AbstractSchemaMigrator.applySqlStrings(AbstractSchemaMigrator.java:507) ~[hibernate-core-5.4.33.Final.jar:5.4.33.Final]
	at org.hibernate.tool.schema.internal.AbstractSchemaMigrator.createTable(AbstractSchemaMigrator.java:277) ~[hibernate-core-5.4.33.Final.jar:5.4.33.Final]
	at org.hibernate.tool.schema.internal.GroupedSchemaMigratorImpl.performTablesMigration(GroupedSchemaMigratorImpl.java:71) ~[hibernate-core-5.4.33.Final.jar:5.4.33.Final]
	at org.hibernate.tool.schema.internal.AbstractSchemaMigrator.performMigration(AbstractSchemaMigrator.java:207) ~[hibernate-core-5.4.33.Final.jar:5.4.33.Final]
	at org.hibernate.tool.schema.internal.AbstractSchemaMigrator.doMigration(AbstractSchemaMigrator.java:114) ~[hibernate-core-5.4.33.Final.jar:5.4.33.Final]
	at org.hibernate.tool.schema.spi.SchemaManagementToolCoordinator.performDatabaseAction(SchemaManagementToolCoordinator.java:184) ~[hibernate-core-5.4.33.Final.jar:5.4.33.Final]
	at org.hibernate.tool.schema.spi.SchemaManagementToolCoordinator.process(SchemaManagementToolCoordinator.java:73) ~[hibernate-core-5.4.33.Final.jar:5.4.33.Final]
	at org.hibernate.internal.SessionFactoryImpl.<init>(SessionFactoryImpl.java:318) ~[hibernate-core-5.4.33.Final.jar:5.4.33.Final]
	at org.hibernate.boot.internal.SessionFactoryBuilderImpl.build(SessionFactoryBuilderImpl.java:468) ~[hibernate-core-5.4.33.Final.jar:5.4.33.Final]
	at org.hibernate.jpa.boot.internal.EntityManagerFactoryBuilderImpl.build(EntityManagerFactoryBuilderImpl.java:1259) ~[hibernate-core-5.4.33.Final.jar:5.4.33.Final]
	at org.hibernate.jpa.HibernatePersistenceProvider.createEntityManagerFactory(HibernatePersistenceProvider.java:56) ~[hibernate-core-5.4.33.Final.jar:5.4.33.Final]
	at javax.persistence.Persistence.createEntityManagerFactory(Persistence.java:79) ~[javax.persistence-api-2.2.jar:2.2]
	at javax.persistence.Persistence.createEntityManagerFactory(Persistence.java:54) ~[javax.persistence-api-2.2.jar:2.2]
	at com.ordermanager.utils.JPAUtil.<clinit>(JPAUtil.java:9) ~[classes/:?]
	at com.ordermanager.repository.ItemRepository.<init>(ItemRepository.java:16) ~[classes/:?]
	at com.ordermanager.service.ItemService.<init>(ItemService.java:14) ~[classes/:?]
	at com.ordermanager.controller.ItemController.<init>(ItemController.java:21) ~[classes/:?]
	at sun.reflect.NativeConstructorAccessorImpl.newInstance0(Native Method) ~[?:1.8.0_452]
	at sun.reflect.NativeConstructorAccessorImpl.newInstance(NativeConstructorAccessorImpl.java:62) ~[?:1.8.0_452]
	at sun.reflect.DelegatingConstructorAccessorImpl.newInstance(DelegatingConstructorAccessorImpl.java:45) ~[?:1.8.0_452]
	at java.lang.reflect.Constructor.newInstance(Constructor.java:423) ~[?:1.8.0_452]
	at org.glassfish.hk2.utilities.reflection.ReflectionHelper.makeMe(ReflectionHelper.java:1356) ~[hk2-utils-2.6.1.jar:?]
	at org.jvnet.hk2.internal.ClazzCreator.createMe(ClazzCreator.java:248) ~[hk2-locator-2.6.1.jar:?]
	at org.jvnet.hk2.internal.ClazzCreator.create(ClazzCreator.java:342) ~[hk2-locator-2.6.1.jar:?]
	at org.jvnet.hk2.internal.SystemDescriptor.create(SystemDescriptor.java:463) ~[hk2-locator-2.6.1.jar:?]
	at org.glassfish.jersey.inject.hk2.RequestContext.findOrCreate(RequestContext.java:59) ~[jersey-hk2-2.35.jar:?]
	at org.jvnet.hk2.internal.Utilities.createService(Utilities.java:2102) ~[hk2-locator-2.6.1.jar:?]
	at org.jvnet.hk2.internal.ServiceLocatorImpl.internalGetService(ServiceLocatorImpl.java:758) ~[hk2-locator-2.6.1.jar:?]
	at org.jvnet.hk2.internal.ServiceLocatorImpl.internalGetService(ServiceLocatorImpl.java:721) ~[hk2-locator-2.6.1.jar:?]
	at org.jvnet.hk2.internal.ServiceLocatorImpl.getService(ServiceLocatorImpl.java:691) ~[hk2-locator-2.6.1.jar:?]
	at org.glassfish.jersey.inject.hk2.AbstractHk2InjectionManager.getInstance(AbstractHk2InjectionManager.java:160) ~[jersey-hk2-2.35.jar:?]
	at org.glassfish.jersey.inject.hk2.ImmediateHk2InjectionManager.getInstance(ImmediateHk2InjectionManager.java:30) ~[jersey-hk2-2.35.jar:?]
	at org.glassfish.jersey.internal.inject.Injections.getOrCreate(Injections.java:105) ~[jersey-common-2.35.jar:?]
	at org.glassfish.jersey.server.model.MethodHandler$ClassBasedMethodHandler.getInstance(MethodHandler.java:260) ~[jersey-server-2.35.jar:?]
	at org.glassfish.jersey.server.internal.routing.PushMethodHandlerRouter.apply(PushMethodHandlerRouter.java:51) ~[jersey-server-2.35.jar:?]
	at org.glassfish.jersey.server.internal.routing.RoutingStage._apply(RoutingStage.java:86) ~[jersey-server-2.35.jar:?]
	at org.glassfish.jersey.server.internal.routing.RoutingStage._apply(RoutingStage.java:89) ~[jersey-server-2.35.jar:?]
	at org.glassfish.jersey.server.internal.routing.RoutingStage._apply(RoutingStage.java:89) ~[jersey-server-2.35.jar:?]
	at org.glassfish.jersey.server.internal.routing.RoutingStage._apply(RoutingStage.java:89) ~[jersey-server-2.35.jar:?]
	at org.glassfish.jersey.server.internal.routing.RoutingStage.apply(RoutingStage.java:69) ~[jersey-server-2.35.jar:?]
	at org.glassfish.jersey.server.internal.routing.RoutingStage.apply(RoutingStage.java:38) ~[jersey-server-2.35.jar:?]
	at org.glassfish.jersey.process.internal.Stages.process(Stages.java:173) ~[jersey-common-2.35.jar:?]
	at org.glassfish.jersey.server.ServerRuntime$1.run(ServerRuntime.java:247) ~[jersey-server-2.35.jar:?]
	at org.glassfish.jersey.internal.Errors$1.call(Errors.java:248) ~[jersey-common-2.35.jar:?]
	at org.glassfish.jersey.internal.Errors$1.call(Errors.java:244) ~[jersey-common-2.35.jar:?]
	at org.glassfish.jersey.internal.Errors.process(Errors.java:292) ~[jersey-common-2.35.jar:?]
	at org.glassfish.jersey.internal.Errors.process(Errors.java:274) ~[jersey-common-2.35.jar:?]
	at org.glassfish.jersey.internal.Errors.process(Errors.java:244) ~[jersey-common-2.35.jar:?]
	at org.glassfish.jersey.process.internal.RequestScope.runInScope(RequestScope.java:265) ~[jersey-common-2.35.jar:?]
	at org.glassfish.jersey.server.ServerRuntime.process(ServerRuntime.java:234) ~[jersey-server-2.35.jar:?]
	at org.glassfish.jersey.server.ApplicationHandler.handle(ApplicationHandler.java:684) ~[jersey-server-2.35.jar:?]
	at org.glassfish.jersey.servlet.WebComponent.serviceImpl(WebComponent.java:394) ~[jersey-container-servlet-core-2.35.jar:?]
	at org.glassfish.jersey.servlet.WebComponent.service(WebComponent.java:346) ~[jersey-container-servlet-core-2.35.jar:?]
	at org.glassfish.jersey.servlet.ServletContainer.service(ServletContainer.java:366) ~[jersey-container-servlet-core-2.35.jar:?]
	at org.glassfish.jersey.servlet.ServletContainer.service(ServletContainer.java:319) ~[jersey-container-servlet-core-2.35.jar:?]
	at org.glassfish.jersey.servlet.ServletContainer.service(ServletContainer.java:205) ~[jersey-container-servlet-core-2.35.jar:?]
	at org.eclipse.jetty.servlet.ServletHolder.handle(ServletHolder.java:799) ~[jetty-servlet-9.4.51.v20230217.jar:9.4.51.v20230217]
	at org.eclipse.jetty.servlet.ServletHandler.doHandle(ServletHandler.java:554) ~[jetty-servlet-9.4.51.v20230217.jar:9.4.51.v20230217]
	at org.eclipse.jetty.server.handler.ScopedHandler.nextHandle(ScopedHandler.java:233) ~[jetty-server-9.4.51.v20230217.jar:9.4.51.v20230217]
	at org.eclipse.jetty.server.handler.ContextHandler.doHandle(ContextHandler.java:1440) ~[jetty-server-9.4.51.v20230217.jar:9.4.51.v20230217]
	at org.eclipse.jetty.server.handler.ScopedHandler.nextScope(ScopedHandler.java:188) ~[jetty-server-9.4.51.v20230217.jar:9.4.51.v20230217]
	at org.eclipse.jetty.servlet.ServletHandler.doScope(ServletHandler.java:505) ~[jetty-servlet-9.4.51.v20230217.jar:9.4.51.v20230217]
	at org.eclipse.jetty.server.handler.ScopedHandler.nextScope(ScopedHandler.java:186) ~[jetty-server-9.4.51.v20230217.jar:9.4.51.v20230217]
	at org.eclipse.jetty.server.handler.ContextHandler.doScope(ContextHandler.java:1355) ~[jetty-server-9.4.51.v20230217.jar:9.4.51.v20230217]
	at org.eclipse.jetty.server.handler.ScopedHandler.handle(ScopedHandler.java:141) ~[jetty-server-9.4.51.v20230217.jar:9.4.51.v20230217]
	at org.eclipse.jetty.server.handler.HandlerWrapper.handle(HandlerWrapper.java:127) ~[jetty-server-9.4.51.v20230217.jar:9.4.51.v20230217]
	at org.eclipse.jetty.server.Server.handle(Server.java:516) ~[jetty-server-9.4.51.v20230217.jar:9.4.51.v20230217]
	at org.eclipse.jetty.server.HttpChannel.lambda$handle$1(HttpChannel.java:487) ~[jetty-server-9.4.51.v20230217.jar:9.4.51.v20230217]
	at org.eclipse.jetty.server.HttpChannel.dispatch(HttpChannel.java:732) [jetty-server-9.4.51.v20230217.jar:9.4.51.v20230217]
	at org.eclipse.jetty.server.HttpChannel.handle(HttpChannel.java:479) [jetty-server-9.4.51.v20230217.jar:9.4.51.v20230217]
	at org.eclipse.jetty.server.HttpConnection.onFillable(HttpConnection.java:277) [jetty-server-9.4.51.v20230217.jar:9.4.51.v20230217]
	at org.eclipse.jetty.io.AbstractConnection$ReadCallback.succeeded(AbstractConnection.java:311) [jetty-io-9.4.51.v20230217.jar:9.4.51.v20230217]
	at org.eclipse.jetty.io.FillInterest.fillable(FillInterest.java:105) [jetty-io-9.4.51.v20230217.jar:9.4.51.v20230217]
	at org.eclipse.jetty.io.ChannelEndPoint$1.run(ChannelEndPoint.java:104) [jetty-io-9.4.51.v20230217.jar:9.4.51.v20230217]
	at org.eclipse.jetty.util.thread.QueuedThreadPool.runJob(QueuedThreadPool.java:883) [jetty-util-9.4.51.v20230217.jar:9.4.51.v20230217]
	at org.eclipse.jetty.util.thread.QueuedThreadPool$Runner.run(QueuedThreadPool.java:1034) [jetty-util-9.4.51.v20230217.jar:9.4.51.v20230217]
	at java.lang.Thread.run(Thread.java:750) [?:1.8.0_452]
Caused by: org.postgresql.util.PSQLException: ERROR: syntax error at or near "User"
  Position: 20
	at org.postgresql.core.v3.QueryExecutorImpl.receiveErrorResponse(QueryExecutorImpl.java:2553) ~[postgresql-42.2.20.jar:42.2.20]
	at org.postgresql.core.v3.QueryExecutorImpl.processResults(QueryExecutorImpl.java:2285) ~[postgresql-42.2.20.jar:42.2.20]
	at org.postgresql.core.v3.QueryExecutorImpl.execute(QueryExecutorImpl.java:323) ~[postgresql-42.2.20.jar:42.2.20]
	at org.postgresql.jdbc.PgStatement.executeInternal(PgStatement.java:481) ~[postgresql-42.2.20.jar:42.2.20]
	at org.postgresql.jdbc.PgStatement.execute(PgStatement.java:401) ~[postgresql-42.2.20.jar:42.2.20]
	at org.postgresql.jdbc.PgStatement.executeWithFlags(PgStatement.java:322) ~[postgresql-42.2.20.jar:42.2.20]
	at org.postgresql.jdbc.PgStatement.executeCachedSql(PgStatement.java:308) ~[postgresql-42.2.20.jar:42.2.20]
	at org.postgresql.jdbc.PgStatement.executeWithFlags(PgStatement.java:284) ~[postgresql-42.2.20.jar:42.2.20]
	at org.postgresql.jdbc.PgStatement.execute(PgStatement.java:279) ~[postgresql-42.2.20.jar:42.2.20]
	at org.hibernate.tool.schema.internal.exec.GenerationTargetToDatabase.accept(GenerationTargetToDatabase.java:54) ~[hibernate-core-5.4.33.Final.jar:5.4.33.Final]
	... 78 more
2025-05-01 01:04:57,189 WARN o.h.t.s.i.ExceptionHandlerLoggedImpl [qtp1447142897-33] GenerationTarget encountered exception accepting command : Error executing DDL "
    alter table if exists orders 
       add constraint FKoli1ibdnlxikr4imcob98w2i2 
       foreign key (user_id) 
       references User" via JDBC Statement
org.hibernate.tool.schema.spi.CommandAcceptanceException: Error executing DDL "
    alter table if exists orders 
       add constraint FKoli1ibdnlxikr4imcob98w2i2 
       foreign key (user_id) 
       references User" via JDBC Statement
	at org.hibernate.tool.schema.internal.exec.GenerationTargetToDatabase.accept(GenerationTargetToDatabase.java:67) ~[hibernate-core-5.4.33.Final.jar:5.4.33.Final]
	at org.hibernate.tool.schema.internal.AbstractSchemaMigrator.applySqlString(AbstractSchemaMigrator.java:562) ~[hibernate-core-5.4.33.Final.jar:5.4.33.Final]
	at org.hibernate.tool.schema.internal.AbstractSchemaMigrator.applySqlStrings(AbstractSchemaMigrator.java:507) ~[hibernate-core-5.4.33.Final.jar:5.4.33.Final]
	at org.hibernate.tool.schema.internal.AbstractSchemaMigrator.applyForeignKeys(AbstractSchemaMigrator.java:433) ~[hibernate-core-5.4.33.Final.jar:5.4.33.Final]
	at org.hibernate.tool.schema.internal.AbstractSchemaMigrator.performMigration(AbstractSchemaMigrator.java:249) ~[hibernate-core-5.4.33.Final.jar:5.4.33.Final]
	at org.hibernate.tool.schema.internal.AbstractSchemaMigrator.doMigration(AbstractSchemaMigrator.java:114) ~[hibernate-core-5.4.33.Final.jar:5.4.33.Final]
	at org.hibernate.tool.schema.spi.SchemaManagementToolCoordinator.performDatabaseAction(SchemaManagementToolCoordinator.java:184) ~[hibernate-core-5.4.33.Final.jar:5.4.33.Final]
	at org.hibernate.tool.schema.spi.SchemaManagementToolCoordinator.process(SchemaManagementToolCoordinator.java:73) ~[hibernate-core-5.4.33.Final.jar:5.4.33.Final]
	at org.hibernate.internal.SessionFactoryImpl.<init>(SessionFactoryImpl.java:318) ~[hibernate-core-5.4.33.Final.jar:5.4.33.Final]
	at org.hibernate.boot.internal.SessionFactoryBuilderImpl.build(SessionFactoryBuilderImpl.java:468) ~[hibernate-core-5.4.33.Final.jar:5.4.33.Final]
	at org.hibernate.jpa.boot.internal.EntityManagerFactoryBuilderImpl.build(EntityManagerFactoryBuilderImpl.java:1259) ~[hibernate-core-5.4.33.Final.jar:5.4.33.Final]
	at org.hibernate.jpa.HibernatePersistenceProvider.createEntityManagerFactory(HibernatePersistenceProvider.java:56) ~[hibernate-core-5.4.33.Final.jar:5.4.33.Final]
	at javax.persistence.Persistence.createEntityManagerFactory(Persistence.java:79) ~[javax.persistence-api-2.2.jar:2.2]
	at javax.persistence.Persistence.createEntityManagerFactory(Persistence.java:54) ~[javax.persistence-api-2.2.jar:2.2]
	at com.ordermanager.utils.JPAUtil.<clinit>(JPAUtil.java:9) ~[classes/:?]
	at com.ordermanager.repository.ItemRepository.<init>(ItemRepository.java:16) ~[classes/:?]
	at com.ordermanager.service.ItemService.<init>(ItemService.java:14) ~[classes/:?]
	at com.ordermanager.controller.ItemController.<init>(ItemController.java:21) ~[classes/:?]
	at sun.reflect.NativeConstructorAccessorImpl.newInstance0(Native Method) ~[?:1.8.0_452]
	at sun.reflect.NativeConstructorAccessorImpl.newInstance(NativeConstructorAccessorImpl.java:62) ~[?:1.8.0_452]
	at sun.reflect.DelegatingConstructorAccessorImpl.newInstance(DelegatingConstructorAccessorImpl.java:45) ~[?:1.8.0_452]
	at java.lang.reflect.Constructor.newInstance(Constructor.java:423) ~[?:1.8.0_452]
	at org.glassfish.hk2.utilities.reflection.ReflectionHelper.makeMe(ReflectionHelper.java:1356) ~[hk2-utils-2.6.1.jar:?]
	at org.jvnet.hk2.internal.ClazzCreator.createMe(ClazzCreator.java:248) ~[hk2-locator-2.6.1.jar:?]
	at org.jvnet.hk2.internal.ClazzCreator.create(ClazzCreator.java:342) ~[hk2-locator-2.6.1.jar:?]
	at org.jvnet.hk2.internal.SystemDescriptor.create(SystemDescriptor.java:463) ~[hk2-locator-2.6.1.jar:?]
	at org.glassfish.jersey.inject.hk2.RequestContext.findOrCreate(RequestContext.java:59) ~[jersey-hk2-2.35.jar:?]
	at org.jvnet.hk2.internal.Utilities.createService(Utilities.java:2102) ~[hk2-locator-2.6.1.jar:?]
	at org.jvnet.hk2.internal.ServiceLocatorImpl.internalGetService(ServiceLocatorImpl.java:758) ~[hk2-locator-2.6.1.jar:?]
	at org.jvnet.hk2.internal.ServiceLocatorImpl.internalGetService(ServiceLocatorImpl.java:721) ~[hk2-locator-2.6.1.jar:?]
	at org.jvnet.hk2.internal.ServiceLocatorImpl.getService(ServiceLocatorImpl.java:691) ~[hk2-locator-2.6.1.jar:?]
	at org.glassfish.jersey.inject.hk2.AbstractHk2InjectionManager.getInstance(AbstractHk2InjectionManager.java:160) ~[jersey-hk2-2.35.jar:?]
	at org.glassfish.jersey.inject.hk2.ImmediateHk2InjectionManager.getInstance(ImmediateHk2InjectionManager.java:30) ~[jersey-hk2-2.35.jar:?]
	at org.glassfish.jersey.internal.inject.Injections.getOrCreate(Injections.java:105) ~[jersey-common-2.35.jar:?]
	at org.glassfish.jersey.server.model.MethodHandler$ClassBasedMethodHandler.getInstance(MethodHandler.java:260) ~[jersey-server-2.35.jar:?]
	at org.glassfish.jersey.server.internal.routing.PushMethodHandlerRouter.apply(PushMethodHandlerRouter.java:51) ~[jersey-server-2.35.jar:?]
	at org.glassfish.jersey.server.internal.routing.RoutingStage._apply(RoutingStage.java:86) ~[jersey-server-2.35.jar:?]
	at org.glassfish.jersey.server.internal.routing.RoutingStage._apply(RoutingStage.java:89) ~[jersey-server-2.35.jar:?]
	at org.glassfish.jersey.server.internal.routing.RoutingStage._apply(RoutingStage.java:89) ~[jersey-server-2.35.jar:?]
	at org.glassfish.jersey.server.internal.routing.RoutingStage._apply(RoutingStage.java:89) ~[jersey-server-2.35.jar:?]
	at org.glassfish.jersey.server.internal.routing.RoutingStage.apply(RoutingStage.java:69) ~[jersey-server-2.35.jar:?]
	at org.glassfish.jersey.server.internal.routing.RoutingStage.apply(RoutingStage.java:38) ~[jersey-server-2.35.jar:?]
	at org.glassfish.jersey.process.internal.Stages.process(Stages.java:173) ~[jersey-common-2.35.jar:?]
	at org.glassfish.jersey.server.ServerRuntime$1.run(ServerRuntime.java:247) ~[jersey-server-2.35.jar:?]
	at org.glassfish.jersey.internal.Errors$1.call(Errors.java:248) ~[jersey-common-2.35.jar:?]
	at org.glassfish.jersey.internal.Errors$1.call(Errors.java:244) ~[jersey-common-2.35.jar:?]
	at org.glassfish.jersey.internal.Errors.process(Errors.java:292) ~[jersey-common-2.35.jar:?]
	at org.glassfish.jersey.internal.Errors.process(Errors.java:274) ~[jersey-common-2.35.jar:?]
	at org.glassfish.jersey.internal.Errors.process(Errors.java:244) ~[jersey-common-2.35.jar:?]
	at org.glassfish.jersey.process.internal.RequestScope.runInScope(RequestScope.java:265) ~[jersey-common-2.35.jar:?]
	at org.glassfish.jersey.server.ServerRuntime.process(ServerRuntime.java:234) ~[jersey-server-2.35.jar:?]
	at org.glassfish.jersey.server.ApplicationHandler.handle(ApplicationHandler.java:684) ~[jersey-server-2.35.jar:?]
	at org.glassfish.jersey.servlet.WebComponent.serviceImpl(WebComponent.java:394) ~[jersey-container-servlet-core-2.35.jar:?]
	at org.glassfish.jersey.servlet.WebComponent.service(WebComponent.java:346) ~[jersey-container-servlet-core-2.35.jar:?]
	at org.glassfish.jersey.servlet.ServletContainer.service(ServletContainer.java:366) ~[jersey-container-servlet-core-2.35.jar:?]
	at org.glassfish.jersey.servlet.ServletContainer.service(ServletContainer.java:319) ~[jersey-container-servlet-core-2.35.jar:?]
	at org.glassfish.jersey.servlet.ServletContainer.service(ServletContainer.java:205) ~[jersey-container-servlet-core-2.35.jar:?]
	at org.eclipse.jetty.servlet.ServletHolder.handle(ServletHolder.java:799) ~[jetty-servlet-9.4.51.v20230217.jar:9.4.51.v20230217]
	at org.eclipse.jetty.servlet.ServletHandler.doHandle(ServletHandler.java:554) ~[jetty-servlet-9.4.51.v20230217.jar:9.4.51.v20230217]
	at org.eclipse.jetty.server.handler.ScopedHandler.nextHandle(ScopedHandler.java:233) ~[jetty-server-9.4.51.v20230217.jar:9.4.51.v20230217]
	at org.eclipse.jetty.server.handler.ContextHandler.doHandle(ContextHandler.java:1440) ~[jetty-server-9.4.51.v20230217.jar:9.4.51.v20230217]
	at org.eclipse.jetty.server.handler.ScopedHandler.nextScope(ScopedHandler.java:188) ~[jetty-server-9.4.51.v20230217.jar:9.4.51.v20230217]
	at org.eclipse.jetty.servlet.ServletHandler.doScope(ServletHandler.java:505) ~[jetty-servlet-9.4.51.v20230217.jar:9.4.51.v20230217]
	at org.eclipse.jetty.server.handler.ScopedHandler.nextScope(ScopedHandler.java:186) ~[jetty-server-9.4.51.v20230217.jar:9.4.51.v20230217]
	at org.eclipse.jetty.server.handler.ContextHandler.doScope(ContextHandler.java:1355) ~[jetty-server-9.4.51.v20230217.jar:9.4.51.v20230217]
	at org.eclipse.jetty.server.handler.ScopedHandler.handle(ScopedHandler.java:141) ~[jetty-server-9.4.51.v20230217.jar:9.4.51.v20230217]
	at org.eclipse.jetty.server.handler.HandlerWrapper.handle(HandlerWrapper.java:127) ~[jetty-server-9.4.51.v20230217.jar:9.4.51.v20230217]
	at org.eclipse.jetty.server.Server.handle(Server.java:516) ~[jetty-server-9.4.51.v20230217.jar:9.4.51.v20230217]
	at org.eclipse.jetty.server.HttpChannel.lambda$handle$1(HttpChannel.java:487) ~[jetty-server-9.4.51.v20230217.jar:9.4.51.v20230217]
	at org.eclipse.jetty.server.HttpChannel.dispatch(HttpChannel.java:732) [jetty-server-9.4.51.v20230217.jar:9.4.51.v20230217]
	at org.eclipse.jetty.server.HttpChannel.handle(HttpChannel.java:479) [jetty-server-9.4.51.v20230217.jar:9.4.51.v20230217]
	at org.eclipse.jetty.server.HttpConnection.onFillable(HttpConnection.java:277) [jetty-server-9.4.51.v20230217.jar:9.4.51.v20230217]
	at org.eclipse.jetty.io.AbstractConnection$ReadCallback.succeeded(AbstractConnection.java:311) [jetty-io-9.4.51.v20230217.jar:9.4.51.v20230217]
	at org.eclipse.jetty.io.FillInterest.fillable(FillInterest.java:105) [jetty-io-9.4.51.v20230217.jar:9.4.51.v20230217]
	at org.eclipse.jetty.io.ChannelEndPoint$1.run(ChannelEndPoint.java:104) [jetty-io-9.4.51.v20230217.jar:9.4.51.v20230217]
	at org.eclipse.jetty.util.thread.QueuedThreadPool.runJob(QueuedThreadPool.java:883) [jetty-util-9.4.51.v20230217.jar:9.4.51.v20230217]
	at org.eclipse.jetty.util.thread.QueuedThreadPool$Runner.run(QueuedThreadPool.java:1034) [jetty-util-9.4.51.v20230217.jar:9.4.51.v20230217]
	at java.lang.Thread.run(Thread.java:750) [?:1.8.0_452]
Caused by: org.postgresql.util.PSQLException: ERROR: syntax error at or near "User"
  Position: 139
	at org.postgresql.core.v3.QueryExecutorImpl.receiveErrorResponse(QueryExecutorImpl.java:2553) ~[postgresql-42.2.20.jar:42.2.20]
	at org.postgresql.core.v3.QueryExecutorImpl.processResults(QueryExecutorImpl.java:2285) ~[postgresql-42.2.20.jar:42.2.20]
	at org.postgresql.core.v3.QueryExecutorImpl.execute(QueryExecutorImpl.java:323) ~[postgresql-42.2.20.jar:42.2.20]
	at org.postgresql.jdbc.PgStatement.executeInternal(PgStatement.java:481) ~[postgresql-42.2.20.jar:42.2.20]
	at org.postgresql.jdbc.PgStatement.execute(PgStatement.java:401) ~[postgresql-42.2.20.jar:42.2.20]
	at org.postgresql.jdbc.PgStatement.executeWithFlags(PgStatement.java:322) ~[postgresql-42.2.20.jar:42.2.20]
	at org.postgresql.jdbc.PgStatement.executeCachedSql(PgStatement.java:308) ~[postgresql-42.2.20.jar:42.2.20]
	at org.postgresql.jdbc.PgStatement.executeWithFlags(PgStatement.java:284) ~[postgresql-42.2.20.jar:42.2.20]
	at org.postgresql.jdbc.PgStatement.execute(PgStatement.java:279) ~[postgresql-42.2.20.jar:42.2.20]
	at org.hibernate.tool.schema.internal.exec.GenerationTargetToDatabase.accept(GenerationTargetToDatabase.java:54) ~[hibernate-core-5.4.33.Final.jar:5.4.33.Final]
	... 77 more
2025-05-01 01:04:57,201 INFO o.h.e.t.j.p.i.JtaPlatformInitiator [qtp1447142897-33] HHH000490: Using JtaPlatform implementation: [org.hibernate.engine.transaction.jta.platform.internal.NoJtaPlatform]
2025-05-01 13:38:30,907 INFO o.h.j.i.u.LogHelper [qtp754547452-33] HHH000204: Processing PersistenceUnitInfo [name: orderPU]
2025-05-01 13:38:30,943 INFO o.h.Version [qtp754547452-33] HHH000412: Hibernate ORM core version 5.4.33.Final
2025-05-01 13:38:31,103 INFO o.h.a.c.Version [qtp754547452-33] HCANN000001: Hibernate Commons Annotations {5.1.2.Final}
2025-05-01 13:38:31,243 WARN o.h.o.c.pooling [qtp754547452-33] HHH10001002: Using Hibernate built-in connection pool (not for production use!)
2025-05-01 13:38:31,258 INFO o.h.o.c.pooling [qtp754547452-33] HHH10001005: using driver [org.postgresql.Driver] at URL [jdbc:postgresql://postgres:5432/orderdb]
2025-05-01 13:38:31,258 INFO o.h.o.c.pooling [qtp754547452-33] HHH10001001: Connection properties: {user=postgres, password=****}
2025-05-01 13:38:31,258 INFO o.h.o.c.pooling [qtp754547452-33] HHH10001003: Autocommit mode: false
2025-05-01 13:38:31,260 INFO o.h.e.j.c.i.DriverManagerConnectionProviderImpl [qtp754547452-33] HHH000115: Hibernate connection pool size: 20 (min=1)
2025-05-01 13:38:34,002 WARN o.h.e.j.e.i.JdbcEnvironmentInitiator [qtp754547452-33] HHH000342: Could not obtain connection to query metadata
java.lang.IllegalStateException: Cannot get a connection as the driver manager is not properly initialized
	at org.hibernate.engine.jdbc.connections.internal.DriverManagerConnectionProviderImpl.getConnection(DriverManagerConnectionProviderImpl.java:172) ~[hibernate-core-5.4.33.Final.jar:5.4.33.Final]
	at org.hibernate.engine.jdbc.env.internal.JdbcEnvironmentInitiator$ConnectionProviderJdbcConnectionAccess.obtainConnection(JdbcEnvironmentInitiator.java:180) ~[hibernate-core-5.4.33.Final.jar:5.4.33.Final]
	at org.hibernate.engine.jdbc.env.internal.JdbcEnvironmentInitiator.initiateService(JdbcEnvironmentInitiator.java:68) ~[hibernate-core-5.4.33.Final.jar:5.4.33.Final]
	at org.hibernate.engine.jdbc.env.internal.JdbcEnvironmentInitiator.initiateService(JdbcEnvironmentInitiator.java:35) ~[hibernate-core-5.4.33.Final.jar:5.4.33.Final]
	at org.hibernate.boot.registry.internal.StandardServiceRegistryImpl.initiateService(StandardServiceRegistryImpl.java:101) ~[hibernate-core-5.4.33.Final.jar:5.4.33.Final]
	at org.hibernate.service.internal.AbstractServiceRegistryImpl.createService(AbstractServiceRegistryImpl.java:263) ~[hibernate-core-5.4.33.Final.jar:5.4.33.Final]
	at org.hibernate.service.internal.AbstractServiceRegistryImpl.initializeService(AbstractServiceRegistryImpl.java:237) ~[hibernate-core-5.4.33.Final.jar:5.4.33.Final]
	at org.hibernate.service.internal.AbstractServiceRegistryImpl.getService(AbstractServiceRegistryImpl.java:214) ~[hibernate-core-5.4.33.Final.jar:5.4.33.Final]
	at org.hibernate.engine.jdbc.internal.JdbcServicesImpl.configure(JdbcServicesImpl.java:51) ~[hibernate-core-5.4.33.Final.jar:5.4.33.Final]
	at org.hibernate.boot.registry.internal.StandardServiceRegistryImpl.configureService(StandardServiceRegistryImpl.java:107) ~[hibernate-core-5.4.33.Final.jar:5.4.33.Final]
	at org.hibernate.service.internal.AbstractServiceRegistryImpl.initializeService(AbstractServiceRegistryImpl.java:246) ~[hibernate-core-5.4.33.Final.jar:5.4.33.Final]
	at org.hibernate.service.internal.AbstractServiceRegistryImpl.getService(AbstractServiceRegistryImpl.java:214) ~[hibernate-core-5.4.33.Final.jar:5.4.33.Final]
	at org.hibernate.engine.jdbc.connections.internal.BasicConnectionCreator.convertSqlException(BasicConnectionCreator.java:116) ~[hibernate-core-5.4.33.Final.jar:5.4.33.Final]
	at org.hibernate.engine.jdbc.connections.internal.DriverConnectionCreator.makeConnection(DriverConnectionCreator.java:41) ~[hibernate-core-5.4.33.Final.jar:5.4.33.Final]
	at org.hibernate.engine.jdbc.connections.internal.BasicConnectionCreator.createConnection(BasicConnectionCreator.java:58) ~[hibernate-core-5.4.33.Final.jar:5.4.33.Final]
	at org.hibernate.engine.jdbc.connections.internal.DriverManagerConnectionProviderImpl$PooledConnections.addConnections(DriverManagerConnectionProviderImpl.java:341) ~[hibernate-core-5.4.33.Final.jar:5.4.33.Final]
	at org.hibernate.engine.jdbc.connections.internal.DriverManagerConnectionProviderImpl$PooledConnections.<init>(DriverManagerConnectionProviderImpl.java:260) ~[hibernate-core-5.4.33.Final.jar:5.4.33.Final]
	at org.hibernate.engine.jdbc.connections.internal.DriverManagerConnectionProviderImpl$PooledConnections.<init>(DriverManagerConnectionProviderImpl.java:238) ~[hibernate-core-5.4.33.Final.jar:5.4.33.Final]
	at org.hibernate.engine.jdbc.connections.internal.DriverManagerConnectionProviderImpl$PooledConnections$Builder.build(DriverManagerConnectionProviderImpl.java:379) ~[hibernate-core-5.4.33.Final.jar:5.4.33.Final]
	at org.hibernate.engine.jdbc.connections.internal.DriverManagerConnectionProviderImpl.buildPool(DriverManagerConnectionProviderImpl.java:98) ~[hibernate-core-5.4.33.Final.jar:5.4.33.Final]
	at org.hibernate.engine.jdbc.connections.internal.DriverManagerConnectionProviderImpl.configure(DriverManagerConnectionProviderImpl.java:73) ~[hibernate-core-5.4.33.Final.jar:5.4.33.Final]
	at org.hibernate.boot.registry.internal.StandardServiceRegistryImpl.configureService(StandardServiceRegistryImpl.java:107) ~[hibernate-core-5.4.33.Final.jar:5.4.33.Final]
	at org.hibernate.service.internal.AbstractServiceRegistryImpl.initializeService(AbstractServiceRegistryImpl.java:246) ~[hibernate-core-5.4.33.Final.jar:5.4.33.Final]
	at org.hibernate.service.internal.AbstractServiceRegistryImpl.getService(AbstractServiceRegistryImpl.java:214) ~[hibernate-core-5.4.33.Final.jar:5.4.33.Final]
	at org.hibernate.engine.jdbc.env.internal.JdbcEnvironmentInitiator.buildJdbcConnectionAccess(JdbcEnvironmentInitiator.java:145) ~[hibernate-core-5.4.33.Final.jar:5.4.33.Final]
	at org.hibernate.engine.jdbc.env.internal.JdbcEnvironmentInitiator.initiateService(JdbcEnvironmentInitiator.java:66) ~[hibernate-core-5.4.33.Final.jar:5.4.33.Final]
	at org.hibernate.engine.jdbc.env.internal.JdbcEnvironmentInitiator.initiateService(JdbcEnvironmentInitiator.java:35) ~[hibernate-core-5.4.33.Final.jar:5.4.33.Final]
	at org.hibernate.boot.registry.internal.StandardServiceRegistryImpl.initiateService(StandardServiceRegistryImpl.java:101) ~[hibernate-core-5.4.33.Final.jar:5.4.33.Final]
	at org.hibernate.service.internal.AbstractServiceRegistryImpl.createService(AbstractServiceRegistryImpl.java:263) ~[hibernate-core-5.4.33.Final.jar:5.4.33.Final]
	at org.hibernate.service.internal.AbstractServiceRegistryImpl.initializeService(AbstractServiceRegistryImpl.java:237) ~[hibernate-core-5.4.33.Final.jar:5.4.33.Final]
	at org.hibernate.service.internal.AbstractServiceRegistryImpl.getService(AbstractServiceRegistryImpl.java:214) ~[hibernate-core-5.4.33.Final.jar:5.4.33.Final]
	at org.hibernate.id.factory.internal.DefaultIdentifierGeneratorFactory.injectServices(DefaultIdentifierGeneratorFactory.java:152) ~[hibernate-core-5.4.33.Final.jar:5.4.33.Final]
	at org.hibernate.service.internal.AbstractServiceRegistryImpl.injectDependencies(AbstractServiceRegistryImpl.java:286) ~[hibernate-core-5.4.33.Final.jar:5.4.33.Final]
	at org.hibernate.service.internal.AbstractServiceRegistryImpl.initializeService(AbstractServiceRegistryImpl.java:243) ~[hibernate-core-5.4.33.Final.jar:5.4.33.Final]
	at org.hibernate.service.internal.AbstractServiceRegistryImpl.getService(AbstractServiceRegistryImpl.java:214) ~[hibernate-core-5.4.33.Final.jar:5.4.33.Final]
	at org.hibernate.boot.internal.InFlightMetadataCollectorImpl.<init>(InFlightMetadataCollectorImpl.java:176) ~[hibernate-core-5.4.33.Final.jar:5.4.33.Final]
	at org.hibernate.boot.model.process.spi.MetadataBuildingProcess.complete(MetadataBuildingProcess.java:127) ~[hibernate-core-5.4.33.Final.jar:5.4.33.Final]
	at org.hibernate.jpa.boot.internal.EntityManagerFactoryBuilderImpl.metadata(EntityManagerFactoryBuilderImpl.java:1224) ~[hibernate-core-5.4.33.Final.jar:5.4.33.Final]
	at org.hibernate.jpa.boot.internal.EntityManagerFactoryBuilderImpl.build(EntityManagerFactoryBuilderImpl.java:1255) ~[hibernate-core-5.4.33.Final.jar:5.4.33.Final]
	at org.hibernate.jpa.HibernatePersistenceProvider.createEntityManagerFactory(HibernatePersistenceProvider.java:56) ~[hibernate-core-5.4.33.Final.jar:5.4.33.Final]
	at javax.persistence.Persistence.createEntityManagerFactory(Persistence.java:79) ~[javax.persistence-api-2.2.jar:2.2]
	at javax.persistence.Persistence.createEntityManagerFactory(Persistence.java:54) ~[javax.persistence-api-2.2.jar:2.2]
	at com.ordermanager.utils.JPAUtil.<clinit>(JPAUtil.java:9) ~[classes/:?]
	at com.ordermanager.repository.ItemRepository.<init>(ItemRepository.java:16) ~[classes/:?]
	at com.ordermanager.service.ItemService.<init>(ItemService.java:14) ~[classes/:?]
	at com.ordermanager.controller.ItemController.<init>(ItemController.java:21) ~[classes/:?]
	at sun.reflect.NativeConstructorAccessorImpl.newInstance0(Native Method) ~[?:1.8.0_452]
	at sun.reflect.NativeConstructorAccessorImpl.newInstance(NativeConstructorAccessorImpl.java:62) ~[?:1.8.0_452]
	at sun.reflect.DelegatingConstructorAccessorImpl.newInstance(DelegatingConstructorAccessorImpl.java:45) ~[?:1.8.0_452]
	at java.lang.reflect.Constructor.newInstance(Constructor.java:423) ~[?:1.8.0_452]
	at org.glassfish.hk2.utilities.reflection.ReflectionHelper.makeMe(ReflectionHelper.java:1356) ~[hk2-utils-2.6.1.jar:?]
	at org.jvnet.hk2.internal.ClazzCreator.createMe(ClazzCreator.java:248) ~[hk2-locator-2.6.1.jar:?]
	at org.jvnet.hk2.internal.ClazzCreator.create(ClazzCreator.java:342) ~[hk2-locator-2.6.1.jar:?]
	at org.jvnet.hk2.internal.SystemDescriptor.create(SystemDescriptor.java:463) ~[hk2-locator-2.6.1.jar:?]
	at org.glassfish.jersey.inject.hk2.RequestContext.findOrCreate(RequestContext.java:59) ~[jersey-hk2-2.35.jar:?]
	at org.jvnet.hk2.internal.Utilities.createService(Utilities.java:2102) ~[hk2-locator-2.6.1.jar:?]
	at org.jvnet.hk2.internal.ServiceLocatorImpl.internalGetService(ServiceLocatorImpl.java:758) ~[hk2-locator-2.6.1.jar:?]
	at org.jvnet.hk2.internal.ServiceLocatorImpl.internalGetService(ServiceLocatorImpl.java:721) ~[hk2-locator-2.6.1.jar:?]
	at org.jvnet.hk2.internal.ServiceLocatorImpl.getService(ServiceLocatorImpl.java:691) ~[hk2-locator-2.6.1.jar:?]
	at org.glassfish.jersey.inject.hk2.AbstractHk2InjectionManager.getInstance(AbstractHk2InjectionManager.java:160) ~[jersey-hk2-2.35.jar:?]
	at org.glassfish.jersey.inject.hk2.ImmediateHk2InjectionManager.getInstance(ImmediateHk2InjectionManager.java:30) ~[jersey-hk2-2.35.jar:?]
	at org.glassfish.jersey.internal.inject.Injections.getOrCreate(Injections.java:105) ~[jersey-common-2.35.jar:?]
	at org.glassfish.jersey.server.model.MethodHandler$ClassBasedMethodHandler.getInstance(MethodHandler.java:260) ~[jersey-server-2.35.jar:?]
	at org.glassfish.jersey.server.internal.routing.PushMethodHandlerRouter.apply(PushMethodHandlerRouter.java:51) ~[jersey-server-2.35.jar:?]
	at org.glassfish.jersey.server.internal.routing.RoutingStage._apply(RoutingStage.java:86) ~[jersey-server-2.35.jar:?]
	at org.glassfish.jersey.server.internal.routing.RoutingStage._apply(RoutingStage.java:89) ~[jersey-server-2.35.jar:?]
	at org.glassfish.jersey.server.internal.routing.RoutingStage._apply(RoutingStage.java:89) ~[jersey-server-2.35.jar:?]
	at org.glassfish.jersey.server.internal.routing.RoutingStage._apply(RoutingStage.java:89) ~[jersey-server-2.35.jar:?]
	at org.glassfish.jersey.server.internal.routing.RoutingStage.apply(RoutingStage.java:69) ~[jersey-server-2.35.jar:?]
	at org.glassfish.jersey.server.internal.routing.RoutingStage.apply(RoutingStage.java:38) ~[jersey-server-2.35.jar:?]
	at org.glassfish.jersey.process.internal.Stages.process(Stages.java:173) ~[jersey-common-2.35.jar:?]
	at org.glassfish.jersey.server.ServerRuntime$1.run(ServerRuntime.java:247) ~[jersey-server-2.35.jar:?]
	at org.glassfish.jersey.internal.Errors$1.call(Errors.java:248) ~[jersey-common-2.35.jar:?]
	at org.glassfish.jersey.internal.Errors$1.call(Errors.java:244) ~[jersey-common-2.35.jar:?]
	at org.glassfish.jersey.internal.Errors.process(Errors.java:292) ~[jersey-common-2.35.jar:?]
	at org.glassfish.jersey.internal.Errors.process(Errors.java:274) ~[jersey-common-2.35.jar:?]
	at org.glassfish.jersey.internal.Errors.process(Errors.java:244) ~[jersey-common-2.35.jar:?]
	at org.glassfish.jersey.process.internal.RequestScope.runInScope(RequestScope.java:265) ~[jersey-common-2.35.jar:?]
	at org.glassfish.jersey.server.ServerRuntime.process(ServerRuntime.java:234) ~[jersey-server-2.35.jar:?]
	at org.glassfish.jersey.server.ApplicationHandler.handle(ApplicationHandler.java:684) ~[jersey-server-2.35.jar:?]
	at org.glassfish.jersey.servlet.WebComponent.serviceImpl(WebComponent.java:394) ~[jersey-container-servlet-core-2.35.jar:?]
	at org.glassfish.jersey.servlet.WebComponent.service(WebComponent.java:346) ~[jersey-container-servlet-core-2.35.jar:?]
	at org.glassfish.jersey.servlet.ServletContainer.service(ServletContainer.java:366) ~[jersey-container-servlet-core-2.35.jar:?]
	at org.glassfish.jersey.servlet.ServletContainer.service(ServletContainer.java:319) ~[jersey-container-servlet-core-2.35.jar:?]
	at org.glassfish.jersey.servlet.ServletContainer.service(ServletContainer.java:205) ~[jersey-container-servlet-core-2.35.jar:?]
	at org.eclipse.jetty.servlet.ServletHolder.handle(ServletHolder.java:799) ~[jetty-servlet-9.4.51.v20230217.jar:9.4.51.v20230217]
	at org.eclipse.jetty.servlet.ServletHandler.doHandle(ServletHandler.java:554) ~[jetty-servlet-9.4.51.v20230217.jar:9.4.51.v20230217]
	at org.eclipse.jetty.server.handler.ScopedHandler.nextHandle(ScopedHandler.java:233) ~[jetty-server-9.4.51.v20230217.jar:9.4.51.v20230217]
	at org.eclipse.jetty.server.handler.ContextHandler.doHandle(ContextHandler.java:1440) ~[jetty-server-9.4.51.v20230217.jar:9.4.51.v20230217]
	at org.eclipse.jetty.server.handler.ScopedHandler.nextScope(ScopedHandler.java:188) ~[jetty-server-9.4.51.v20230217.jar:9.4.51.v20230217]
	at org.eclipse.jetty.servlet.ServletHandler.doScope(ServletHandler.java:505) ~[jetty-servlet-9.4.51.v20230217.jar:9.4.51.v20230217]
	at org.eclipse.jetty.server.handler.ScopedHandler.nextScope(ScopedHandler.java:186) ~[jetty-server-9.4.51.v20230217.jar:9.4.51.v20230217]
	at org.eclipse.jetty.server.handler.ContextHandler.doScope(ContextHandler.java:1355) ~[jetty-server-9.4.51.v20230217.jar:9.4.51.v20230217]
	at org.eclipse.jetty.server.handler.ScopedHandler.handle(ScopedHandler.java:141) ~[jetty-server-9.4.51.v20230217.jar:9.4.51.v20230217]
	at org.eclipse.jetty.server.handler.HandlerWrapper.handle(HandlerWrapper.java:127) ~[jetty-server-9.4.51.v20230217.jar:9.4.51.v20230217]
	at org.eclipse.jetty.server.Server.handle(Server.java:516) ~[jetty-server-9.4.51.v20230217.jar:9.4.51.v20230217]
	at org.eclipse.jetty.server.HttpChannel.lambda$handle$1(HttpChannel.java:487) ~[jetty-server-9.4.51.v20230217.jar:9.4.51.v20230217]
	at org.eclipse.jetty.server.HttpChannel.dispatch(HttpChannel.java:732) [jetty-server-9.4.51.v20230217.jar:9.4.51.v20230217]
	at org.eclipse.jetty.server.HttpChannel.handle(HttpChannel.java:479) [jetty-server-9.4.51.v20230217.jar:9.4.51.v20230217]
	at org.eclipse.jetty.server.HttpConnection.onFillable(HttpConnection.java:277) [jetty-server-9.4.51.v20230217.jar:9.4.51.v20230217]
	at org.eclipse.jetty.io.AbstractConnection$ReadCallback.succeeded(AbstractConnection.java:311) [jetty-io-9.4.51.v20230217.jar:9.4.51.v20230217]
	at org.eclipse.jetty.io.FillInterest.fillable(FillInterest.java:105) [jetty-io-9.4.51.v20230217.jar:9.4.51.v20230217]
	at org.eclipse.jetty.io.ChannelEndPoint$1.run(ChannelEndPoint.java:104) [jetty-io-9.4.51.v20230217.jar:9.4.51.v20230217]
	at org.eclipse.jetty.util.thread.QueuedThreadPool.runJob(QueuedThreadPool.java:883) [jetty-util-9.4.51.v20230217.jar:9.4.51.v20230217]
	at org.eclipse.jetty.util.thread.QueuedThreadPool$Runner.run(QueuedThreadPool.java:1034) [jetty-util-9.4.51.v20230217.jar:9.4.51.v20230217]
	at java.lang.Thread.run(Thread.java:750) [?:1.8.0_452]
2025-05-01 13:38:34,041 INFO o.h.d.Dialect [qtp754547452-33] HHH000400: Using dialect: org.hibernate.dialect.PostgreSQL95Dialect
2025-05-01 13:38:34,073 WARN o.h.e.j.s.SqlExceptionHelper [qtp754547452-33] SQL Error: 0, SQLState: 08001
2025-05-01 13:38:34,073 ERROR o.h.e.j.s.SqlExceptionHelper [qtp754547452-33] The connection attempt failed.
2025-05-01 13:50:45,928 INFO o.h.j.i.u.LogHelper [qtp1496378567-28] HHH000204: Processing PersistenceUnitInfo [name: orderPU]
2025-05-01 13:50:45,974 INFO o.h.Version [qtp1496378567-28] HHH000412: Hibernate ORM core version 5.4.33.Final
2025-05-01 13:50:46,122 INFO o.h.a.c.Version [qtp1496378567-28] HCANN000001: Hibernate Commons Annotations {5.1.2.Final}
2025-05-01 13:50:46,249 WARN o.h.o.c.pooling [qtp1496378567-28] HHH10001002: Using Hibernate built-in connection pool (not for production use!)
2025-05-01 13:50:46,249 INFO o.h.o.c.pooling [qtp1496378567-28] HHH10001005: using driver [org.postgresql.Driver] at URL [jdbc:postgresql://localhost:5432/orderdb]
2025-05-01 13:50:46,249 INFO o.h.o.c.pooling [qtp1496378567-28] HHH10001001: Connection properties: {user=postgres, password=****}
2025-05-01 13:50:46,249 INFO o.h.o.c.pooling [qtp1496378567-28] HHH10001003: Autocommit mode: false
2025-05-01 13:50:46,249 INFO o.h.e.j.c.i.DriverManagerConnectionProviderImpl [qtp1496378567-28] HHH000115: Hibernate connection pool size: 20 (min=1)
2025-05-01 13:50:46,380 INFO o.h.d.Dialect [qtp1496378567-28] HHH000400: Using dialect: org.hibernate.dialect.PostgreSQL95Dialect
2025-05-01 13:50:47,060 INFO o.h.o.c.access [qtp1496378567-28] HHH10001501: Connection obtained from JdbcConnectionAccess [org.hibernate.engine.jdbc.env.internal.JdbcEnvironmentInitiator$ConnectionProviderJdbcConnectionAccess@77b11f9a] for (non-JTA) DDL execution was not in auto-commit mode; the Connection 'local transaction' will be committed and the Connection will be set into auto-commit mode.
2025-05-01 13:50:47,106 WARN o.h.t.s.i.ExceptionHandlerLoggedImpl [qtp1496378567-28] GenerationTarget encountered exception accepting command : Error executing DDL "
    create table User (
       id int8 not null,
        email varchar(255),
        name varchar(255),
        primary key (id)
    )" via JDBC Statement
org.hibernate.tool.schema.spi.CommandAcceptanceException: Error executing DDL "
    create table User (
       id int8 not null,
        email varchar(255),
        name varchar(255),
        primary key (id)
    )" via JDBC Statement
	at org.hibernate.tool.schema.internal.exec.GenerationTargetToDatabase.accept(GenerationTargetToDatabase.java:67) ~[hibernate-core-5.4.33.Final.jar:5.4.33.Final]
	at org.hibernate.tool.schema.internal.AbstractSchemaMigrator.applySqlString(AbstractSchemaMigrator.java:562) ~[hibernate-core-5.4.33.Final.jar:5.4.33.Final]
	at org.hibernate.tool.schema.internal.AbstractSchemaMigrator.applySqlStrings(AbstractSchemaMigrator.java:507) ~[hibernate-core-5.4.33.Final.jar:5.4.33.Final]
	at org.hibernate.tool.schema.internal.AbstractSchemaMigrator.createTable(AbstractSchemaMigrator.java:277) ~[hibernate-core-5.4.33.Final.jar:5.4.33.Final]
	at org.hibernate.tool.schema.internal.GroupedSchemaMigratorImpl.performTablesMigration(GroupedSchemaMigratorImpl.java:71) ~[hibernate-core-5.4.33.Final.jar:5.4.33.Final]
	at org.hibernate.tool.schema.internal.AbstractSchemaMigrator.performMigration(AbstractSchemaMigrator.java:207) ~[hibernate-core-5.4.33.Final.jar:5.4.33.Final]
	at org.hibernate.tool.schema.internal.AbstractSchemaMigrator.doMigration(AbstractSchemaMigrator.java:114) ~[hibernate-core-5.4.33.Final.jar:5.4.33.Final]
	at org.hibernate.tool.schema.spi.SchemaManagementToolCoordinator.performDatabaseAction(SchemaManagementToolCoordinator.java:184) ~[hibernate-core-5.4.33.Final.jar:5.4.33.Final]
	at org.hibernate.tool.schema.spi.SchemaManagementToolCoordinator.process(SchemaManagementToolCoordinator.java:73) ~[hibernate-core-5.4.33.Final.jar:5.4.33.Final]
	at org.hibernate.internal.SessionFactoryImpl.<init>(SessionFactoryImpl.java:318) ~[hibernate-core-5.4.33.Final.jar:5.4.33.Final]
	at org.hibernate.boot.internal.SessionFactoryBuilderImpl.build(SessionFactoryBuilderImpl.java:468) ~[hibernate-core-5.4.33.Final.jar:5.4.33.Final]
	at org.hibernate.jpa.boot.internal.EntityManagerFactoryBuilderImpl.build(EntityManagerFactoryBuilderImpl.java:1259) ~[hibernate-core-5.4.33.Final.jar:5.4.33.Final]
	at org.hibernate.jpa.HibernatePersistenceProvider.createEntityManagerFactory(HibernatePersistenceProvider.java:56) ~[hibernate-core-5.4.33.Final.jar:5.4.33.Final]
	at javax.persistence.Persistence.createEntityManagerFactory(Persistence.java:79) ~[javax.persistence-api-2.2.jar:2.2]
	at javax.persistence.Persistence.createEntityManagerFactory(Persistence.java:54) ~[javax.persistence-api-2.2.jar:2.2]
	at com.ordermanager.utils.JPAUtil.<clinit>(JPAUtil.java:9) ~[classes/:?]
	at com.ordermanager.repository.ItemRepository.<init>(ItemRepository.java:16) ~[classes/:?]
	at com.ordermanager.service.ItemService.<init>(ItemService.java:14) ~[classes/:?]
	at com.ordermanager.controller.ItemController.<init>(ItemController.java:21) ~[classes/:?]
	at sun.reflect.NativeConstructorAccessorImpl.newInstance0(Native Method) ~[?:1.8.0_452]
	at sun.reflect.NativeConstructorAccessorImpl.newInstance(NativeConstructorAccessorImpl.java:62) ~[?:1.8.0_452]
	at sun.reflect.DelegatingConstructorAccessorImpl.newInstance(DelegatingConstructorAccessorImpl.java:45) ~[?:1.8.0_452]
	at java.lang.reflect.Constructor.newInstance(Constructor.java:423) ~[?:1.8.0_452]
	at org.glassfish.hk2.utilities.reflection.ReflectionHelper.makeMe(ReflectionHelper.java:1356) ~[hk2-utils-2.6.1.jar:?]
	at org.jvnet.hk2.internal.ClazzCreator.createMe(ClazzCreator.java:248) ~[hk2-locator-2.6.1.jar:?]
	at org.jvnet.hk2.internal.ClazzCreator.create(ClazzCreator.java:342) ~[hk2-locator-2.6.1.jar:?]
	at org.jvnet.hk2.internal.SystemDescriptor.create(SystemDescriptor.java:463) ~[hk2-locator-2.6.1.jar:?]
	at org.glassfish.jersey.inject.hk2.RequestContext.findOrCreate(RequestContext.java:59) ~[jersey-hk2-2.35.jar:?]
	at org.jvnet.hk2.internal.Utilities.createService(Utilities.java:2102) ~[hk2-locator-2.6.1.jar:?]
	at org.jvnet.hk2.internal.ServiceLocatorImpl.internalGetService(ServiceLocatorImpl.java:758) ~[hk2-locator-2.6.1.jar:?]
	at org.jvnet.hk2.internal.ServiceLocatorImpl.internalGetService(ServiceLocatorImpl.java:721) ~[hk2-locator-2.6.1.jar:?]
	at org.jvnet.hk2.internal.ServiceLocatorImpl.getService(ServiceLocatorImpl.java:691) ~[hk2-locator-2.6.1.jar:?]
	at org.glassfish.jersey.inject.hk2.AbstractHk2InjectionManager.getInstance(AbstractHk2InjectionManager.java:160) ~[jersey-hk2-2.35.jar:?]
	at org.glassfish.jersey.inject.hk2.ImmediateHk2InjectionManager.getInstance(ImmediateHk2InjectionManager.java:30) ~[jersey-hk2-2.35.jar:?]
	at org.glassfish.jersey.internal.inject.Injections.getOrCreate(Injections.java:105) ~[jersey-common-2.35.jar:?]
	at org.glassfish.jersey.server.model.MethodHandler$ClassBasedMethodHandler.getInstance(MethodHandler.java:260) ~[jersey-server-2.35.jar:?]
	at org.glassfish.jersey.server.internal.routing.PushMethodHandlerRouter.apply(PushMethodHandlerRouter.java:51) ~[jersey-server-2.35.jar:?]
	at org.glassfish.jersey.server.internal.routing.RoutingStage._apply(RoutingStage.java:86) ~[jersey-server-2.35.jar:?]
	at org.glassfish.jersey.server.internal.routing.RoutingStage._apply(RoutingStage.java:89) ~[jersey-server-2.35.jar:?]
	at org.glassfish.jersey.server.internal.routing.RoutingStage._apply(RoutingStage.java:89) ~[jersey-server-2.35.jar:?]
	at org.glassfish.jersey.server.internal.routing.RoutingStage._apply(RoutingStage.java:89) ~[jersey-server-2.35.jar:?]
	at org.glassfish.jersey.server.internal.routing.RoutingStage.apply(RoutingStage.java:69) ~[jersey-server-2.35.jar:?]
	at org.glassfish.jersey.server.internal.routing.RoutingStage.apply(RoutingStage.java:38) ~[jersey-server-2.35.jar:?]
	at org.glassfish.jersey.process.internal.Stages.process(Stages.java:173) ~[jersey-common-2.35.jar:?]
	at org.glassfish.jersey.server.ServerRuntime$1.run(ServerRuntime.java:247) ~[jersey-server-2.35.jar:?]
	at org.glassfish.jersey.internal.Errors$1.call(Errors.java:248) ~[jersey-common-2.35.jar:?]
	at org.glassfish.jersey.internal.Errors$1.call(Errors.java:244) ~[jersey-common-2.35.jar:?]
	at org.glassfish.jersey.internal.Errors.process(Errors.java:292) ~[jersey-common-2.35.jar:?]
	at org.glassfish.jersey.internal.Errors.process(Errors.java:274) ~[jersey-common-2.35.jar:?]
	at org.glassfish.jersey.internal.Errors.process(Errors.java:244) ~[jersey-common-2.35.jar:?]
	at org.glassfish.jersey.process.internal.RequestScope.runInScope(RequestScope.java:265) ~[jersey-common-2.35.jar:?]
	at org.glassfish.jersey.server.ServerRuntime.process(ServerRuntime.java:234) ~[jersey-server-2.35.jar:?]
	at org.glassfish.jersey.server.ApplicationHandler.handle(ApplicationHandler.java:684) ~[jersey-server-2.35.jar:?]
	at org.glassfish.jersey.servlet.WebComponent.serviceImpl(WebComponent.java:394) ~[jersey-container-servlet-core-2.35.jar:?]
	at org.glassfish.jersey.servlet.WebComponent.service(WebComponent.java:346) ~[jersey-container-servlet-core-2.35.jar:?]
	at org.glassfish.jersey.servlet.ServletContainer.service(ServletContainer.java:366) ~[jersey-container-servlet-core-2.35.jar:?]
	at org.glassfish.jersey.servlet.ServletContainer.service(ServletContainer.java:319) ~[jersey-container-servlet-core-2.35.jar:?]
	at org.glassfish.jersey.servlet.ServletContainer.service(ServletContainer.java:205) ~[jersey-container-servlet-core-2.35.jar:?]
	at org.eclipse.jetty.servlet.ServletHolder.handle(ServletHolder.java:799) ~[jetty-servlet-9.4.51.v20230217.jar:9.4.51.v20230217]
	at org.eclipse.jetty.servlet.ServletHandler.doHandle(ServletHandler.java:554) ~[jetty-servlet-9.4.51.v20230217.jar:9.4.51.v20230217]
	at org.eclipse.jetty.server.handler.ScopedHandler.nextHandle(ScopedHandler.java:233) ~[jetty-server-9.4.51.v20230217.jar:9.4.51.v20230217]
	at org.eclipse.jetty.server.handler.ContextHandler.doHandle(ContextHandler.java:1440) ~[jetty-server-9.4.51.v20230217.jar:9.4.51.v20230217]
	at org.eclipse.jetty.server.handler.ScopedHandler.nextScope(ScopedHandler.java:188) ~[jetty-server-9.4.51.v20230217.jar:9.4.51.v20230217]
	at org.eclipse.jetty.servlet.ServletHandler.doScope(ServletHandler.java:505) ~[jetty-servlet-9.4.51.v20230217.jar:9.4.51.v20230217]
	at org.eclipse.jetty.server.handler.ScopedHandler.nextScope(ScopedHandler.java:186) ~[jetty-server-9.4.51.v20230217.jar:9.4.51.v20230217]
	at org.eclipse.jetty.server.handler.ContextHandler.doScope(ContextHandler.java:1355) ~[jetty-server-9.4.51.v20230217.jar:9.4.51.v20230217]
	at org.eclipse.jetty.server.handler.ScopedHandler.handle(ScopedHandler.java:141) ~[jetty-server-9.4.51.v20230217.jar:9.4.51.v20230217]
	at org.eclipse.jetty.server.handler.HandlerWrapper.handle(HandlerWrapper.java:127) ~[jetty-server-9.4.51.v20230217.jar:9.4.51.v20230217]
	at org.eclipse.jetty.server.Server.handle(Server.java:516) ~[jetty-server-9.4.51.v20230217.jar:9.4.51.v20230217]
	at org.eclipse.jetty.server.HttpChannel.lambda$handle$1(HttpChannel.java:487) ~[jetty-server-9.4.51.v20230217.jar:9.4.51.v20230217]
	at org.eclipse.jetty.server.HttpChannel.dispatch(HttpChannel.java:732) [jetty-server-9.4.51.v20230217.jar:9.4.51.v20230217]
	at org.eclipse.jetty.server.HttpChannel.handle(HttpChannel.java:479) [jetty-server-9.4.51.v20230217.jar:9.4.51.v20230217]
	at org.eclipse.jetty.server.HttpConnection.onFillable(HttpConnection.java:277) [jetty-server-9.4.51.v20230217.jar:9.4.51.v20230217]
	at org.eclipse.jetty.io.AbstractConnection$ReadCallback.succeeded(AbstractConnection.java:311) [jetty-io-9.4.51.v20230217.jar:9.4.51.v20230217]
	at org.eclipse.jetty.io.FillInterest.fillable(FillInterest.java:105) [jetty-io-9.4.51.v20230217.jar:9.4.51.v20230217]
	at org.eclipse.jetty.io.ChannelEndPoint$1.run(ChannelEndPoint.java:104) [jetty-io-9.4.51.v20230217.jar:9.4.51.v20230217]
	at org.eclipse.jetty.util.thread.QueuedThreadPool.runJob(QueuedThreadPool.java:883) [jetty-util-9.4.51.v20230217.jar:9.4.51.v20230217]
	at org.eclipse.jetty.util.thread.QueuedThreadPool$Runner.run(QueuedThreadPool.java:1034) [jetty-util-9.4.51.v20230217.jar:9.4.51.v20230217]
	at java.lang.Thread.run(Thread.java:750) [?:1.8.0_452]
Caused by: org.postgresql.util.PSQLException: ERROR: syntax error at or near "User"
  Position: 20
	at org.postgresql.core.v3.QueryExecutorImpl.receiveErrorResponse(QueryExecutorImpl.java:2553) ~[postgresql-42.2.20.jar:42.2.20]
	at org.postgresql.core.v3.QueryExecutorImpl.processResults(QueryExecutorImpl.java:2285) ~[postgresql-42.2.20.jar:42.2.20]
	at org.postgresql.core.v3.QueryExecutorImpl.execute(QueryExecutorImpl.java:323) ~[postgresql-42.2.20.jar:42.2.20]
	at org.postgresql.jdbc.PgStatement.executeInternal(PgStatement.java:481) ~[postgresql-42.2.20.jar:42.2.20]
	at org.postgresql.jdbc.PgStatement.execute(PgStatement.java:401) ~[postgresql-42.2.20.jar:42.2.20]
	at org.postgresql.jdbc.PgStatement.executeWithFlags(PgStatement.java:322) ~[postgresql-42.2.20.jar:42.2.20]
	at org.postgresql.jdbc.PgStatement.executeCachedSql(PgStatement.java:308) ~[postgresql-42.2.20.jar:42.2.20]
	at org.postgresql.jdbc.PgStatement.executeWithFlags(PgStatement.java:284) ~[postgresql-42.2.20.jar:42.2.20]
	at org.postgresql.jdbc.PgStatement.execute(PgStatement.java:279) ~[postgresql-42.2.20.jar:42.2.20]
	at org.hibernate.tool.schema.internal.exec.GenerationTargetToDatabase.accept(GenerationTargetToDatabase.java:54) ~[hibernate-core-5.4.33.Final.jar:5.4.33.Final]
	... 78 more
2025-05-01 13:50:47,173 WARN o.h.t.s.i.ExceptionHandlerLoggedImpl [qtp1496378567-28] GenerationTarget encountered exception accepting command : Error executing DDL "
    alter table if exists orders 
       add constraint FKoli1ibdnlxikr4imcob98w2i2 
       foreign key (user_id) 
       references User" via JDBC Statement
org.hibernate.tool.schema.spi.CommandAcceptanceException: Error executing DDL "
    alter table if exists orders 
       add constraint FKoli1ibdnlxikr4imcob98w2i2 
       foreign key (user_id) 
       references User" via JDBC Statement
	at org.hibernate.tool.schema.internal.exec.GenerationTargetToDatabase.accept(GenerationTargetToDatabase.java:67) ~[hibernate-core-5.4.33.Final.jar:5.4.33.Final]
	at org.hibernate.tool.schema.internal.AbstractSchemaMigrator.applySqlString(AbstractSchemaMigrator.java:562) ~[hibernate-core-5.4.33.Final.jar:5.4.33.Final]
	at org.hibernate.tool.schema.internal.AbstractSchemaMigrator.applySqlStrings(AbstractSchemaMigrator.java:507) ~[hibernate-core-5.4.33.Final.jar:5.4.33.Final]
	at org.hibernate.tool.schema.internal.AbstractSchemaMigrator.applyForeignKeys(AbstractSchemaMigrator.java:433) ~[hibernate-core-5.4.33.Final.jar:5.4.33.Final]
	at org.hibernate.tool.schema.internal.AbstractSchemaMigrator.performMigration(AbstractSchemaMigrator.java:249) ~[hibernate-core-5.4.33.Final.jar:5.4.33.Final]
	at org.hibernate.tool.schema.internal.AbstractSchemaMigrator.doMigration(AbstractSchemaMigrator.java:114) ~[hibernate-core-5.4.33.Final.jar:5.4.33.Final]
	at org.hibernate.tool.schema.spi.SchemaManagementToolCoordinator.performDatabaseAction(SchemaManagementToolCoordinator.java:184) ~[hibernate-core-5.4.33.Final.jar:5.4.33.Final]
	at org.hibernate.tool.schema.spi.SchemaManagementToolCoordinator.process(SchemaManagementToolCoordinator.java:73) ~[hibernate-core-5.4.33.Final.jar:5.4.33.Final]
	at org.hibernate.internal.SessionFactoryImpl.<init>(SessionFactoryImpl.java:318) ~[hibernate-core-5.4.33.Final.jar:5.4.33.Final]
	at org.hibernate.boot.internal.SessionFactoryBuilderImpl.build(SessionFactoryBuilderImpl.java:468) ~[hibernate-core-5.4.33.Final.jar:5.4.33.Final]
	at org.hibernate.jpa.boot.internal.EntityManagerFactoryBuilderImpl.build(EntityManagerFactoryBuilderImpl.java:1259) ~[hibernate-core-5.4.33.Final.jar:5.4.33.Final]
	at org.hibernate.jpa.HibernatePersistenceProvider.createEntityManagerFactory(HibernatePersistenceProvider.java:56) ~[hibernate-core-5.4.33.Final.jar:5.4.33.Final]
	at javax.persistence.Persistence.createEntityManagerFactory(Persistence.java:79) ~[javax.persistence-api-2.2.jar:2.2]
	at javax.persistence.Persistence.createEntityManagerFactory(Persistence.java:54) ~[javax.persistence-api-2.2.jar:2.2]
	at com.ordermanager.utils.JPAUtil.<clinit>(JPAUtil.java:9) ~[classes/:?]
	at com.ordermanager.repository.ItemRepository.<init>(ItemRepository.java:16) ~[classes/:?]
	at com.ordermanager.service.ItemService.<init>(ItemService.java:14) ~[classes/:?]
	at com.ordermanager.controller.ItemController.<init>(ItemController.java:21) ~[classes/:?]
	at sun.reflect.NativeConstructorAccessorImpl.newInstance0(Native Method) ~[?:1.8.0_452]
	at sun.reflect.NativeConstructorAccessorImpl.newInstance(NativeConstructorAccessorImpl.java:62) ~[?:1.8.0_452]
	at sun.reflect.DelegatingConstructorAccessorImpl.newInstance(DelegatingConstructorAccessorImpl.java:45) ~[?:1.8.0_452]
	at java.lang.reflect.Constructor.newInstance(Constructor.java:423) ~[?:1.8.0_452]
	at org.glassfish.hk2.utilities.reflection.ReflectionHelper.makeMe(ReflectionHelper.java:1356) ~[hk2-utils-2.6.1.jar:?]
	at org.jvnet.hk2.internal.ClazzCreator.createMe(ClazzCreator.java:248) ~[hk2-locator-2.6.1.jar:?]
	at org.jvnet.hk2.internal.ClazzCreator.create(ClazzCreator.java:342) ~[hk2-locator-2.6.1.jar:?]
	at org.jvnet.hk2.internal.SystemDescriptor.create(SystemDescriptor.java:463) ~[hk2-locator-2.6.1.jar:?]
	at org.glassfish.jersey.inject.hk2.RequestContext.findOrCreate(RequestContext.java:59) ~[jersey-hk2-2.35.jar:?]
	at org.jvnet.hk2.internal.Utilities.createService(Utilities.java:2102) ~[hk2-locator-2.6.1.jar:?]
	at org.jvnet.hk2.internal.ServiceLocatorImpl.internalGetService(ServiceLocatorImpl.java:758) ~[hk2-locator-2.6.1.jar:?]
	at org.jvnet.hk2.internal.ServiceLocatorImpl.internalGetService(ServiceLocatorImpl.java:721) ~[hk2-locator-2.6.1.jar:?]
	at org.jvnet.hk2.internal.ServiceLocatorImpl.getService(ServiceLocatorImpl.java:691) ~[hk2-locator-2.6.1.jar:?]
	at org.glassfish.jersey.inject.hk2.AbstractHk2InjectionManager.getInstance(AbstractHk2InjectionManager.java:160) ~[jersey-hk2-2.35.jar:?]
	at org.glassfish.jersey.inject.hk2.ImmediateHk2InjectionManager.getInstance(ImmediateHk2InjectionManager.java:30) ~[jersey-hk2-2.35.jar:?]
	at org.glassfish.jersey.internal.inject.Injections.getOrCreate(Injections.java:105) ~[jersey-common-2.35.jar:?]
	at org.glassfish.jersey.server.model.MethodHandler$ClassBasedMethodHandler.getInstance(MethodHandler.java:260) ~[jersey-server-2.35.jar:?]
	at org.glassfish.jersey.server.internal.routing.PushMethodHandlerRouter.apply(PushMethodHandlerRouter.java:51) ~[jersey-server-2.35.jar:?]
	at org.glassfish.jersey.server.internal.routing.RoutingStage._apply(RoutingStage.java:86) ~[jersey-server-2.35.jar:?]
	at org.glassfish.jersey.server.internal.routing.RoutingStage._apply(RoutingStage.java:89) ~[jersey-server-2.35.jar:?]
	at org.glassfish.jersey.server.internal.routing.RoutingStage._apply(RoutingStage.java:89) ~[jersey-server-2.35.jar:?]
	at org.glassfish.jersey.server.internal.routing.RoutingStage._apply(RoutingStage.java:89) ~[jersey-server-2.35.jar:?]
	at org.glassfish.jersey.server.internal.routing.RoutingStage.apply(RoutingStage.java:69) ~[jersey-server-2.35.jar:?]
	at org.glassfish.jersey.server.internal.routing.RoutingStage.apply(RoutingStage.java:38) ~[jersey-server-2.35.jar:?]
	at org.glassfish.jersey.process.internal.Stages.process(Stages.java:173) ~[jersey-common-2.35.jar:?]
	at org.glassfish.jersey.server.ServerRuntime$1.run(ServerRuntime.java:247) ~[jersey-server-2.35.jar:?]
	at org.glassfish.jersey.internal.Errors$1.call(Errors.java:248) ~[jersey-common-2.35.jar:?]
	at org.glassfish.jersey.internal.Errors$1.call(Errors.java:244) ~[jersey-common-2.35.jar:?]
	at org.glassfish.jersey.internal.Errors.process(Errors.java:292) ~[jersey-common-2.35.jar:?]
	at org.glassfish.jersey.internal.Errors.process(Errors.java:274) ~[jersey-common-2.35.jar:?]
	at org.glassfish.jersey.internal.Errors.process(Errors.java:244) ~[jersey-common-2.35.jar:?]
	at org.glassfish.jersey.process.internal.RequestScope.runInScope(RequestScope.java:265) ~[jersey-common-2.35.jar:?]
	at org.glassfish.jersey.server.ServerRuntime.process(ServerRuntime.java:234) ~[jersey-server-2.35.jar:?]
	at org.glassfish.jersey.server.ApplicationHandler.handle(ApplicationHandler.java:684) ~[jersey-server-2.35.jar:?]
	at org.glassfish.jersey.servlet.WebComponent.serviceImpl(WebComponent.java:394) ~[jersey-container-servlet-core-2.35.jar:?]
	at org.glassfish.jersey.servlet.WebComponent.service(WebComponent.java:346) ~[jersey-container-servlet-core-2.35.jar:?]
	at org.glassfish.jersey.servlet.ServletContainer.service(ServletContainer.java:366) ~[jersey-container-servlet-core-2.35.jar:?]
	at org.glassfish.jersey.servlet.ServletContainer.service(ServletContainer.java:319) ~[jersey-container-servlet-core-2.35.jar:?]
	at org.glassfish.jersey.servlet.ServletContainer.service(ServletContainer.java:205) ~[jersey-container-servlet-core-2.35.jar:?]
	at org.eclipse.jetty.servlet.ServletHolder.handle(ServletHolder.java:799) ~[jetty-servlet-9.4.51.v20230217.jar:9.4.51.v20230217]
	at org.eclipse.jetty.servlet.ServletHandler.doHandle(ServletHandler.java:554) ~[jetty-servlet-9.4.51.v20230217.jar:9.4.51.v20230217]
	at org.eclipse.jetty.server.handler.ScopedHandler.nextHandle(ScopedHandler.java:233) ~[jetty-server-9.4.51.v20230217.jar:9.4.51.v20230217]
	at org.eclipse.jetty.server.handler.ContextHandler.doHandle(ContextHandler.java:1440) ~[jetty-server-9.4.51.v20230217.jar:9.4.51.v20230217]
	at org.eclipse.jetty.server.handler.ScopedHandler.nextScope(ScopedHandler.java:188) ~[jetty-server-9.4.51.v20230217.jar:9.4.51.v20230217]
	at org.eclipse.jetty.servlet.ServletHandler.doScope(ServletHandler.java:505) ~[jetty-servlet-9.4.51.v20230217.jar:9.4.51.v20230217]
	at org.eclipse.jetty.server.handler.ScopedHandler.nextScope(ScopedHandler.java:186) ~[jetty-server-9.4.51.v20230217.jar:9.4.51.v20230217]
	at org.eclipse.jetty.server.handler.ContextHandler.doScope(ContextHandler.java:1355) ~[jetty-server-9.4.51.v20230217.jar:9.4.51.v20230217]
	at org.eclipse.jetty.server.handler.ScopedHandler.handle(ScopedHandler.java:141) ~[jetty-server-9.4.51.v20230217.jar:9.4.51.v20230217]
	at org.eclipse.jetty.server.handler.HandlerWrapper.handle(HandlerWrapper.java:127) ~[jetty-server-9.4.51.v20230217.jar:9.4.51.v20230217]
	at org.eclipse.jetty.server.Server.handle(Server.java:516) ~[jetty-server-9.4.51.v20230217.jar:9.4.51.v20230217]
	at org.eclipse.jetty.server.HttpChannel.lambda$handle$1(HttpChannel.java:487) ~[jetty-server-9.4.51.v20230217.jar:9.4.51.v20230217]
	at org.eclipse.jetty.server.HttpChannel.dispatch(HttpChannel.java:732) [jetty-server-9.4.51.v20230217.jar:9.4.51.v20230217]
	at org.eclipse.jetty.server.HttpChannel.handle(HttpChannel.java:479) [jetty-server-9.4.51.v20230217.jar:9.4.51.v20230217]
	at org.eclipse.jetty.server.HttpConnection.onFillable(HttpConnection.java:277) [jetty-server-9.4.51.v20230217.jar:9.4.51.v20230217]
	at org.eclipse.jetty.io.AbstractConnection$ReadCallback.succeeded(AbstractConnection.java:311) [jetty-io-9.4.51.v20230217.jar:9.4.51.v20230217]
	at org.eclipse.jetty.io.FillInterest.fillable(FillInterest.java:105) [jetty-io-9.4.51.v20230217.jar:9.4.51.v20230217]
	at org.eclipse.jetty.io.ChannelEndPoint$1.run(ChannelEndPoint.java:104) [jetty-io-9.4.51.v20230217.jar:9.4.51.v20230217]
	at org.eclipse.jetty.util.thread.QueuedThreadPool.runJob(QueuedThreadPool.java:883) [jetty-util-9.4.51.v20230217.jar:9.4.51.v20230217]
	at org.eclipse.jetty.util.thread.QueuedThreadPool$Runner.run(QueuedThreadPool.java:1034) [jetty-util-9.4.51.v20230217.jar:9.4.51.v20230217]
	at java.lang.Thread.run(Thread.java:750) [?:1.8.0_452]
Caused by: org.postgresql.util.PSQLException: ERROR: syntax error at or near "User"
  Position: 139
	at org.postgresql.core.v3.QueryExecutorImpl.receiveErrorResponse(QueryExecutorImpl.java:2553) ~[postgresql-42.2.20.jar:42.2.20]
	at org.postgresql.core.v3.QueryExecutorImpl.processResults(QueryExecutorImpl.java:2285) ~[postgresql-42.2.20.jar:42.2.20]
	at org.postgresql.core.v3.QueryExecutorImpl.execute(QueryExecutorImpl.java:323) ~[postgresql-42.2.20.jar:42.2.20]
	at org.postgresql.jdbc.PgStatement.executeInternal(PgStatement.java:481) ~[postgresql-42.2.20.jar:42.2.20]
	at org.postgresql.jdbc.PgStatement.execute(PgStatement.java:401) ~[postgresql-42.2.20.jar:42.2.20]
	at org.postgresql.jdbc.PgStatement.executeWithFlags(PgStatement.java:322) ~[postgresql-42.2.20.jar:42.2.20]
	at org.postgresql.jdbc.PgStatement.executeCachedSql(PgStatement.java:308) ~[postgresql-42.2.20.jar:42.2.20]
	at org.postgresql.jdbc.PgStatement.executeWithFlags(PgStatement.java:284) ~[postgresql-42.2.20.jar:42.2.20]
	at org.postgresql.jdbc.PgStatement.execute(PgStatement.java:279) ~[postgresql-42.2.20.jar:42.2.20]
	at org.hibernate.tool.schema.internal.exec.GenerationTargetToDatabase.accept(GenerationTargetToDatabase.java:54) ~[hibernate-core-5.4.33.Final.jar:5.4.33.Final]
	... 77 more
2025-05-01 13:50:47,198 INFO o.h.e.t.j.p.i.JtaPlatformInitiator [qtp1496378567-28] HHH000490: Using JtaPlatform implementation: [org.hibernate.engine.transaction.jta.platform.internal.NoJtaPlatform]
2025-05-01 14:22:00,762 INFO o.h.j.i.u.LogHelper [qtp1897849184-29] HHH000204: Processing PersistenceUnitInfo [name: orderPU]
2025-05-01 14:22:00,811 INFO o.h.Version [qtp1897849184-29] HHH000412: Hibernate ORM core version 5.4.33.Final
2025-05-01 14:22:01,010 INFO o.h.a.c.Version [qtp1897849184-29] HCANN000001: Hibernate Commons Annotations {5.1.2.Final}
2025-05-01 14:22:01,159 WARN o.h.o.c.pooling [qtp1897849184-29] HHH10001002: Using Hibernate built-in connection pool (not for production use!)
2025-05-01 14:22:01,167 INFO o.h.o.c.pooling [qtp1897849184-29] HHH10001005: using driver [org.postgresql.Driver] at URL [jdbc:postgresql://localhost:5432/orderdb]
2025-05-01 14:22:01,167 INFO o.h.o.c.pooling [qtp1897849184-29] HHH10001001: Connection properties: {user=postgres, password=****}
2025-05-01 14:22:01,169 INFO o.h.o.c.pooling [qtp1897849184-29] HHH10001003: Autocommit mode: false
2025-05-01 14:22:01,171 INFO o.h.e.j.c.i.DriverManagerConnectionProviderImpl [qtp1897849184-29] HHH000115: Hibernate connection pool size: 20 (min=1)
2025-05-01 14:22:01,257 INFO o.h.d.Dialect [qtp1897849184-29] HHH000400: Using dialect: org.hibernate.dialect.PostgreSQL95Dialect
2025-05-01 14:22:01,940 INFO o.h.o.c.access [qtp1897849184-29] HHH10001501: Connection obtained from JdbcConnectionAccess [org.hibernate.engine.jdbc.env.internal.JdbcEnvironmentInitiator$ConnectionProviderJdbcConnectionAccess@4e35faa8] for (non-JTA) DDL execution was not in auto-commit mode; the Connection 'local transaction' will be committed and the Connection will be set into auto-commit mode.
2025-05-01 14:22:02,136 INFO o.h.e.t.j.p.i.JtaPlatformInitiator [qtp1897849184-29] HHH000490: Using JtaPlatform implementation: [org.hibernate.engine.transaction.jta.platform.internal.NoJtaPlatform]
2025-05-01 14:28:24,627 INFO o.h.j.i.u.LogHelper [qtp1793081475-30] HHH000204: Processing PersistenceUnitInfo [name: orderPU]
2025-05-01 14:28:24,665 INFO o.h.Version [qtp1793081475-30] HHH000412: Hibernate ORM core version 5.4.33.Final
2025-05-01 14:28:24,849 INFO o.h.a.c.Version [qtp1793081475-30] HCANN000001: Hibernate Commons Annotations {5.1.2.Final}
2025-05-01 14:28:25,061 WARN o.h.o.c.pooling [qtp1793081475-30] HHH10001002: Using Hibernate built-in connection pool (not for production use!)
2025-05-01 14:28:25,063 INFO o.h.o.c.pooling [qtp1793081475-30] HHH10001005: using driver [org.postgresql.Driver] at URL [jdbc:postgresql://localhost:5432/orderdb]
2025-05-01 14:28:25,063 INFO o.h.o.c.pooling [qtp1793081475-30] HHH10001001: Connection properties: {user=postgres, password=****}
2025-05-01 14:28:25,063 INFO o.h.o.c.pooling [qtp1793081475-30] HHH10001003: Autocommit mode: false
2025-05-01 14:28:25,070 INFO o.h.e.j.c.i.DriverManagerConnectionProviderImpl [qtp1793081475-30] HHH000115: Hibernate connection pool size: 20 (min=1)
2025-05-01 14:28:25,155 INFO o.h.d.Dialect [qtp1793081475-30] HHH000400: Using dialect: org.hibernate.dialect.PostgreSQL95Dialect
2025-05-01 14:28:25,880 INFO o.h.o.c.access [qtp1793081475-30] HHH10001501: Connection obtained from JdbcConnectionAccess [org.hibernate.engine.jdbc.env.internal.JdbcEnvironmentInitiator$ConnectionProviderJdbcConnectionAccess@109fde64] for (non-JTA) DDL execution was not in auto-commit mode; the Connection 'local transaction' will be committed and the Connection will be set into auto-commit mode.
2025-05-01 14:28:25,988 INFO o.h.e.t.j.p.i.JtaPlatformInitiator [qtp1793081475-30] HHH000490: Using JtaPlatform implementation: [org.hibernate.engine.transaction.jta.platform.internal.NoJtaPlatform]
2025-05-01 14:36:33,909 INFO o.h.j.i.u.LogHelper [qtp2040777149-33] HHH000204: Processing PersistenceUnitInfo [name: orderPU]
2025-05-01 14:36:34,027 INFO o.h.Version [qtp2040777149-33] HHH000412: Hibernate ORM core version 5.4.33.Final
2025-05-01 14:36:34,502 INFO o.h.a.c.Version [qtp2040777149-33] HCANN000001: Hibernate Commons Annotations {5.1.2.Final}
2025-05-01 14:36:34,953 WARN o.h.o.c.pooling [qtp2040777149-33] HHH10001002: Using Hibernate built-in connection pool (not for production use!)
2025-05-01 14:36:34,972 INFO o.h.o.c.pooling [qtp2040777149-33] HHH10001005: using driver [org.postgresql.Driver] at URL [jdbc:postgresql://localhost:5432/orderdb]
2025-05-01 14:36:34,972 INFO o.h.o.c.pooling [qtp2040777149-33] HHH10001001: Connection properties: {user=postgres, password=****}
2025-05-01 14:36:34,973 INFO o.h.o.c.pooling [qtp2040777149-33] HHH10001003: Autocommit mode: false
2025-05-01 14:36:34,975 INFO o.h.e.j.c.i.DriverManagerConnectionProviderImpl [qtp2040777149-33] HHH000115: Hibernate connection pool size: 20 (min=1)
2025-05-01 14:36:35,318 INFO o.h.d.Dialect [qtp2040777149-33] HHH000400: Using dialect: org.hibernate.dialect.PostgreSQL95Dialect
2025-05-01 14:36:37,149 INFO o.h.o.c.access [qtp2040777149-33] HHH10001501: Connection obtained from JdbcConnectionAccess [org.hibernate.engine.jdbc.env.internal.JdbcEnvironmentInitiator$ConnectionProviderJdbcConnectionAccess@2d3d4ff5] for (non-JTA) DDL execution was not in auto-commit mode; the Connection 'local transaction' will be committed and the Connection will be set into auto-commit mode.
2025-05-01 14:36:37,359 INFO o.h.e.t.j.p.i.JtaPlatformInitiator [qtp2040777149-33] HHH000490: Using JtaPlatform implementation: [org.hibernate.engine.transaction.jta.platform.internal.NoJtaPlatform]
2025-05-01 18:11:59,020 INFO o.h.j.i.u.LogHelper [qtp1097074122-30] HHH000204: Processing PersistenceUnitInfo [name: orderPU]
2025-05-01 18:11:59,069 INFO o.h.Version [qtp1097074122-30] HHH000412: Hibernate ORM core version 5.4.33.Final
2025-05-01 18:11:59,225 INFO o.h.a.c.Version [qtp1097074122-30] HCANN000001: Hibernate Commons Annotations {5.1.2.Final}
2025-05-01 18:11:59,362 WARN o.h.o.c.pooling [qtp1097074122-30] HHH10001002: Using Hibernate built-in connection pool (not for production use!)
2025-05-01 18:11:59,366 INFO o.h.o.c.pooling [qtp1097074122-30] HHH10001005: using driver [org.postgresql.Driver] at URL [jdbc:postgresql://localhost:5432/orderdb]
2025-05-01 18:11:59,366 INFO o.h.o.c.pooling [qtp1097074122-30] HHH10001001: Connection properties: {user=postgres, password=****}
2025-05-01 18:11:59,366 INFO o.h.o.c.pooling [qtp1097074122-30] HHH10001003: Autocommit mode: false
2025-05-01 18:11:59,372 INFO o.h.e.j.c.i.DriverManagerConnectionProviderImpl [qtp1097074122-30] HHH000115: Hibernate connection pool size: 20 (min=1)
2025-05-01 18:11:59,468 INFO o.h.d.Dialect [qtp1097074122-30] HHH000400: Using dialect: org.hibernate.dialect.PostgreSQL95Dialect
2025-05-01 18:12:00,155 INFO o.h.o.c.access [qtp1097074122-30] HHH10001501: Connection obtained from JdbcConnectionAccess [org.hibernate.engine.jdbc.env.internal.JdbcEnvironmentInitiator$ConnectionProviderJdbcConnectionAccess@57d1f287] for (non-JTA) DDL execution was not in auto-commit mode; the Connection 'local transaction' will be committed and the Connection will be set into auto-commit mode.
2025-05-01 18:12:00,300 INFO o.h.e.t.j.p.i.JtaPlatformInitiator [qtp1097074122-30] HHH000490: Using JtaPlatform implementation: [org.hibernate.engine.transaction.jta.platform.internal.NoJtaPlatform]
2025-05-01 18:12:00,619 WARN o.h.e.j.s.SqlExceptionHelper [qtp1097074122-30] SQL Error: 0, SQLState: 23502
2025-05-01 18:12:00,619 ERROR o.h.e.j.s.SqlExceptionHelper [qtp1097074122-30] ERROR: null value in column "id" of relation "item" violates not-null constraint
  Detail: Failing row contains (null, Notebook Dell).
2025-05-01 18:12:02,518 WARN o.h.e.j.s.SqlExceptionHelper [qtp1097074122-26] SQL Error: 0, SQLState: 23502
2025-05-01 18:12:02,519 ERROR o.h.e.j.s.SqlExceptionHelper [qtp1097074122-26] ERROR: null value in column "id" of relation "item" violates not-null constraint
  Detail: Failing row contains (null, Notebook Dell).
2025-05-01 18:12:06,689 WARN o.h.e.j.s.SqlExceptionHelper [qtp1097074122-25] SQL Error: 0, SQLState: 23502
2025-05-01 18:12:06,689 ERROR o.h.e.j.s.SqlExceptionHelper [qtp1097074122-25] ERROR: null value in column "id" of relation "item" violates not-null constraint
  Detail: Failing row contains (null, Notebook Dell).
2025-05-01 18:18:10,351 WARN o.h.e.j.s.SqlExceptionHelper [qtp1097074122-33] SQL Error: 0, SQLState: 42P01
2025-05-01 18:18:10,351 ERROR o.h.e.j.s.SqlExceptionHelper [qtp1097074122-33] ERROR: relation "item" does not exist
  Position: 13
2025-05-01 18:41:25,860 INFO o.h.j.i.u.LogHelper [qtp557483190-33] HHH000204: Processing PersistenceUnitInfo [name: orderPU]
2025-05-01 18:41:25,987 INFO o.h.Version [qtp557483190-33] HHH000412: Hibernate ORM core version 5.4.33.Final
2025-05-01 18:41:26,445 INFO o.h.a.c.Version [qtp557483190-33] HCANN000001: Hibernate Commons Annotations {5.1.2.Final}
2025-05-01 18:41:26,797 WARN o.h.o.c.pooling [qtp557483190-33] HHH10001002: Using Hibernate built-in connection pool (not for production use!)
2025-05-01 18:41:26,807 INFO o.h.o.c.pooling [qtp557483190-33] HHH10001005: using driver [org.postgresql.Driver] at URL [jdbc:postgresql://localhost:5432/orderdb]
2025-05-01 18:41:26,811 INFO o.h.o.c.pooling [qtp557483190-33] HHH10001001: Connection properties: {user=postgres, password=****}
2025-05-01 18:41:26,811 INFO o.h.o.c.pooling [qtp557483190-33] HHH10001003: Autocommit mode: false
2025-05-01 18:41:26,815 INFO o.h.e.j.c.i.DriverManagerConnectionProviderImpl [qtp557483190-33] HHH000115: Hibernate connection pool size: 20 (min=1)
2025-05-01 18:41:27,019 INFO o.h.d.Dialect [qtp557483190-33] HHH000400: Using dialect: org.hibernate.dialect.PostgreSQL95Dialect
2025-05-01 18:41:28,468 INFO o.h.o.c.access [qtp557483190-33] HHH10001501: Connection obtained from JdbcConnectionAccess [org.hibernate.engine.jdbc.env.internal.JdbcEnvironmentInitiator$ConnectionProviderJdbcConnectionAccess@7a75b657] for (non-JTA) DDL execution was not in auto-commit mode; the Connection 'local transaction' will be committed and the Connection will be set into auto-commit mode.
2025-05-01 18:41:28,476 WARN o.h.e.j.s.SqlExceptionHelper [qtp557483190-33] SQL Warning Code: 0, SQLState: 00000
2025-05-01 18:41:28,476 WARN o.h.e.j.s.SqlExceptionHelper [qtp557483190-33] relation "order_stock_movements" does not exist, skipping
2025-05-01 18:41:28,479 WARN o.h.e.j.s.SqlExceptionHelper [qtp557483190-33] SQL Warning Code: 0, SQLState: 00000
2025-05-01 18:41:28,480 WARN o.h.e.j.s.SqlExceptionHelper [qtp557483190-33] relation "order_stock_movements" does not exist, skipping
2025-05-01 18:41:28,483 WARN o.h.e.j.s.SqlExceptionHelper [qtp557483190-33] SQL Warning Code: 0, SQLState: 00000
2025-05-01 18:41:28,483 WARN o.h.e.j.s.SqlExceptionHelper [qtp557483190-33] relation "orders" does not exist, skipping
2025-05-01 18:41:28,486 WARN o.h.e.j.s.SqlExceptionHelper [qtp557483190-33] SQL Warning Code: 0, SQLState: 00000
2025-05-01 18:41:28,486 WARN o.h.e.j.s.SqlExceptionHelper [qtp557483190-33] relation "orders" does not exist, skipping
2025-05-01 18:41:28,489 WARN o.h.e.j.s.SqlExceptionHelper [qtp557483190-33] SQL Warning Code: 0, SQLState: 00000
2025-05-01 18:41:28,489 WARN o.h.e.j.s.SqlExceptionHelper [qtp557483190-33] relation "stockmovement" does not exist, skipping
2025-05-01 18:41:28,492 WARN o.h.e.j.s.SqlExceptionHelper [qtp557483190-33] SQL Warning Code: 0, SQLState: 00000
2025-05-01 18:41:28,493 WARN o.h.e.j.s.SqlExceptionHelper [qtp557483190-33] table "item" does not exist, skipping
2025-05-01 18:41:28,495 WARN o.h.e.j.s.SqlExceptionHelper [qtp557483190-33] SQL Warning Code: 0, SQLState: 00000
2025-05-01 18:41:28,496 WARN o.h.e.j.s.SqlExceptionHelper [qtp557483190-33] table "order_stock_movements" does not exist, skipping
2025-05-01 18:41:28,499 WARN o.h.e.j.s.SqlExceptionHelper [qtp557483190-33] SQL Warning Code: 0, SQLState: 00000
2025-05-01 18:41:28,499 WARN o.h.e.j.s.SqlExceptionHelper [qtp557483190-33] table "orders" does not exist, skipping
2025-05-01 18:41:28,501 WARN o.h.e.j.s.SqlExceptionHelper [qtp557483190-33] SQL Warning Code: 0, SQLState: 00000
2025-05-01 18:41:28,502 WARN o.h.e.j.s.SqlExceptionHelper [qtp557483190-33] table "stockmovement" does not exist, skipping
2025-05-01 18:41:28,504 WARN o.h.e.j.s.SqlExceptionHelper [qtp557483190-33] SQL Warning Code: 0, SQLState: 00000
2025-05-01 18:41:28,505 WARN o.h.e.j.s.SqlExceptionHelper [qtp557483190-33] table "user_table" does not exist, skipping
2025-05-01 18:41:28,508 INFO o.h.o.c.access [qtp557483190-33] HHH10001501: Connection obtained from JdbcConnectionAccess [org.hibernate.engine.jdbc.env.internal.JdbcEnvironmentInitiator$ConnectionProviderJdbcConnectionAccess@4ceea8d1] for (non-JTA) DDL execution was not in auto-commit mode; the Connection 'local transaction' will be committed and the Connection will be set into auto-commit mode.
2025-05-01 18:41:28,704 INFO o.h.e.t.j.p.i.JtaPlatformInitiator [qtp557483190-33] HHH000490: Using JtaPlatform implementation: [org.hibernate.engine.transaction.jta.platform.internal.NoJtaPlatform]
2025-05-01 19:05:29,699 INFO o.h.j.i.u.LogHelper [qtp279998869-33] HHH000204: Processing PersistenceUnitInfo [name: orderPU]
2025-05-01 19:05:29,733 INFO o.h.Version [qtp279998869-33] HHH000412: Hibernate ORM core version 5.4.33.Final
2025-05-01 19:05:29,862 INFO o.h.a.c.Version [qtp279998869-33] HCANN000001: Hibernate Commons Annotations {5.1.2.Final}
2025-05-01 19:05:29,999 WARN o.h.o.c.pooling [qtp279998869-33] HHH10001002: Using Hibernate built-in connection pool (not for production use!)
2025-05-01 19:05:30,006 INFO o.h.o.c.pooling [qtp279998869-33] HHH10001005: using driver [org.postgresql.Driver] at URL [jdbc:postgresql://postgres:5432/orderdb]
2025-05-01 19:05:30,007 INFO o.h.o.c.pooling [qtp279998869-33] HHH10001001: Connection properties: {user=postgres, password=****}
2025-05-01 19:05:30,007 INFO o.h.o.c.pooling [qtp279998869-33] HHH10001003: Autocommit mode: false
2025-05-01 19:05:30,010 INFO o.h.e.j.c.i.DriverManagerConnectionProviderImpl [qtp279998869-33] HHH000115: Hibernate connection pool size: 20 (min=1)
2025-05-01 19:05:32,723 WARN o.h.e.j.e.i.JdbcEnvironmentInitiator [qtp279998869-33] HHH000342: Could not obtain connection to query metadata
java.lang.IllegalStateException: Cannot get a connection as the driver manager is not properly initialized
	at org.hibernate.engine.jdbc.connections.internal.DriverManagerConnectionProviderImpl.getConnection(DriverManagerConnectionProviderImpl.java:172) ~[hibernate-core-5.4.33.Final.jar:5.4.33.Final]
	at org.hibernate.engine.jdbc.env.internal.JdbcEnvironmentInitiator$ConnectionProviderJdbcConnectionAccess.obtainConnection(JdbcEnvironmentInitiator.java:180) ~[hibernate-core-5.4.33.Final.jar:5.4.33.Final]
	at org.hibernate.engine.jdbc.env.internal.JdbcEnvironmentInitiator.initiateService(JdbcEnvironmentInitiator.java:68) ~[hibernate-core-5.4.33.Final.jar:5.4.33.Final]
	at org.hibernate.engine.jdbc.env.internal.JdbcEnvironmentInitiator.initiateService(JdbcEnvironmentInitiator.java:35) ~[hibernate-core-5.4.33.Final.jar:5.4.33.Final]
	at org.hibernate.boot.registry.internal.StandardServiceRegistryImpl.initiateService(StandardServiceRegistryImpl.java:101) ~[hibernate-core-5.4.33.Final.jar:5.4.33.Final]
	at org.hibernate.service.internal.AbstractServiceRegistryImpl.createService(AbstractServiceRegistryImpl.java:263) ~[hibernate-core-5.4.33.Final.jar:5.4.33.Final]
	at org.hibernate.service.internal.AbstractServiceRegistryImpl.initializeService(AbstractServiceRegistryImpl.java:237) ~[hibernate-core-5.4.33.Final.jar:5.4.33.Final]
	at org.hibernate.service.internal.AbstractServiceRegistryImpl.getService(AbstractServiceRegistryImpl.java:214) ~[hibernate-core-5.4.33.Final.jar:5.4.33.Final]
	at org.hibernate.engine.jdbc.internal.JdbcServicesImpl.configure(JdbcServicesImpl.java:51) ~[hibernate-core-5.4.33.Final.jar:5.4.33.Final]
	at org.hibernate.boot.registry.internal.StandardServiceRegistryImpl.configureService(StandardServiceRegistryImpl.java:107) ~[hibernate-core-5.4.33.Final.jar:5.4.33.Final]
	at org.hibernate.service.internal.AbstractServiceRegistryImpl.initializeService(AbstractServiceRegistryImpl.java:246) ~[hibernate-core-5.4.33.Final.jar:5.4.33.Final]
	at org.hibernate.service.internal.AbstractServiceRegistryImpl.getService(AbstractServiceRegistryImpl.java:214) ~[hibernate-core-5.4.33.Final.jar:5.4.33.Final]
	at org.hibernate.engine.jdbc.connections.internal.BasicConnectionCreator.convertSqlException(BasicConnectionCreator.java:116) ~[hibernate-core-5.4.33.Final.jar:5.4.33.Final]
	at org.hibernate.engine.jdbc.connections.internal.DriverConnectionCreator.makeConnection(DriverConnectionCreator.java:41) ~[hibernate-core-5.4.33.Final.jar:5.4.33.Final]
	at org.hibernate.engine.jdbc.connections.internal.BasicConnectionCreator.createConnection(BasicConnectionCreator.java:58) ~[hibernate-core-5.4.33.Final.jar:5.4.33.Final]
	at org.hibernate.engine.jdbc.connections.internal.DriverManagerConnectionProviderImpl$PooledConnections.addConnections(DriverManagerConnectionProviderImpl.java:341) ~[hibernate-core-5.4.33.Final.jar:5.4.33.Final]
	at org.hibernate.engine.jdbc.connections.internal.DriverManagerConnectionProviderImpl$PooledConnections.<init>(DriverManagerConnectionProviderImpl.java:260) ~[hibernate-core-5.4.33.Final.jar:5.4.33.Final]
	at org.hibernate.engine.jdbc.connections.internal.DriverManagerConnectionProviderImpl$PooledConnections.<init>(DriverManagerConnectionProviderImpl.java:238) ~[hibernate-core-5.4.33.Final.jar:5.4.33.Final]
	at org.hibernate.engine.jdbc.connections.internal.DriverManagerConnectionProviderImpl$PooledConnections$Builder.build(DriverManagerConnectionProviderImpl.java:379) ~[hibernate-core-5.4.33.Final.jar:5.4.33.Final]
	at org.hibernate.engine.jdbc.connections.internal.DriverManagerConnectionProviderImpl.buildPool(DriverManagerConnectionProviderImpl.java:98) ~[hibernate-core-5.4.33.Final.jar:5.4.33.Final]
	at org.hibernate.engine.jdbc.connections.internal.DriverManagerConnectionProviderImpl.configure(DriverManagerConnectionProviderImpl.java:73) ~[hibernate-core-5.4.33.Final.jar:5.4.33.Final]
	at org.hibernate.boot.registry.internal.StandardServiceRegistryImpl.configureService(StandardServiceRegistryImpl.java:107) ~[hibernate-core-5.4.33.Final.jar:5.4.33.Final]
	at org.hibernate.service.internal.AbstractServiceRegistryImpl.initializeService(AbstractServiceRegistryImpl.java:246) ~[hibernate-core-5.4.33.Final.jar:5.4.33.Final]
	at org.hibernate.service.internal.AbstractServiceRegistryImpl.getService(AbstractServiceRegistryImpl.java:214) ~[hibernate-core-5.4.33.Final.jar:5.4.33.Final]
	at org.hibernate.engine.jdbc.env.internal.JdbcEnvironmentInitiator.buildJdbcConnectionAccess(JdbcEnvironmentInitiator.java:145) ~[hibernate-core-5.4.33.Final.jar:5.4.33.Final]
	at org.hibernate.engine.jdbc.env.internal.JdbcEnvironmentInitiator.initiateService(JdbcEnvironmentInitiator.java:66) ~[hibernate-core-5.4.33.Final.jar:5.4.33.Final]
	at org.hibernate.engine.jdbc.env.internal.JdbcEnvironmentInitiator.initiateService(JdbcEnvironmentInitiator.java:35) ~[hibernate-core-5.4.33.Final.jar:5.4.33.Final]
	at org.hibernate.boot.registry.internal.StandardServiceRegistryImpl.initiateService(StandardServiceRegistryImpl.java:101) ~[hibernate-core-5.4.33.Final.jar:5.4.33.Final]
	at org.hibernate.service.internal.AbstractServiceRegistryImpl.createService(AbstractServiceRegistryImpl.java:263) ~[hibernate-core-5.4.33.Final.jar:5.4.33.Final]
	at org.hibernate.service.internal.AbstractServiceRegistryImpl.initializeService(AbstractServiceRegistryImpl.java:237) ~[hibernate-core-5.4.33.Final.jar:5.4.33.Final]
	at org.hibernate.service.internal.AbstractServiceRegistryImpl.getService(AbstractServiceRegistryImpl.java:214) ~[hibernate-core-5.4.33.Final.jar:5.4.33.Final]
	at org.hibernate.id.factory.internal.DefaultIdentifierGeneratorFactory.injectServices(DefaultIdentifierGeneratorFactory.java:152) ~[hibernate-core-5.4.33.Final.jar:5.4.33.Final]
	at org.hibernate.service.internal.AbstractServiceRegistryImpl.injectDependencies(AbstractServiceRegistryImpl.java:286) ~[hibernate-core-5.4.33.Final.jar:5.4.33.Final]
	at org.hibernate.service.internal.AbstractServiceRegistryImpl.initializeService(AbstractServiceRegistryImpl.java:243) ~[hibernate-core-5.4.33.Final.jar:5.4.33.Final]
	at org.hibernate.service.internal.AbstractServiceRegistryImpl.getService(AbstractServiceRegistryImpl.java:214) ~[hibernate-core-5.4.33.Final.jar:5.4.33.Final]
	at org.hibernate.boot.internal.InFlightMetadataCollectorImpl.<init>(InFlightMetadataCollectorImpl.java:176) ~[hibernate-core-5.4.33.Final.jar:5.4.33.Final]
	at org.hibernate.boot.model.process.spi.MetadataBuildingProcess.complete(MetadataBuildingProcess.java:127) ~[hibernate-core-5.4.33.Final.jar:5.4.33.Final]
	at org.hibernate.jpa.boot.internal.EntityManagerFactoryBuilderImpl.metadata(EntityManagerFactoryBuilderImpl.java:1224) ~[hibernate-core-5.4.33.Final.jar:5.4.33.Final]
	at org.hibernate.jpa.boot.internal.EntityManagerFactoryBuilderImpl.build(EntityManagerFactoryBuilderImpl.java:1255) ~[hibernate-core-5.4.33.Final.jar:5.4.33.Final]
	at org.hibernate.jpa.HibernatePersistenceProvider.createEntityManagerFactory(HibernatePersistenceProvider.java:56) ~[hibernate-core-5.4.33.Final.jar:5.4.33.Final]
	at javax.persistence.Persistence.createEntityManagerFactory(Persistence.java:79) ~[javax.persistence-api-2.2.jar:2.2]
	at javax.persistence.Persistence.createEntityManagerFactory(Persistence.java:54) ~[javax.persistence-api-2.2.jar:2.2]
	at com.ordermanager.utils.JPAUtil.<clinit>(JPAUtil.java:9) ~[classes/:?]
	at com.ordermanager.repository.ItemRepository.<init>(ItemRepository.java:17) ~[classes/:?]
	at com.ordermanager.service.ItemService.<init>(ItemService.java:13) ~[classes/:?]
	at com.ordermanager.controller.ItemController.<init>(ItemController.java:21) ~[classes/:?]
	at sun.reflect.NativeConstructorAccessorImpl.newInstance0(Native Method) ~[?:1.8.0_452]
	at sun.reflect.NativeConstructorAccessorImpl.newInstance(NativeConstructorAccessorImpl.java:62) ~[?:1.8.0_452]
	at sun.reflect.DelegatingConstructorAccessorImpl.newInstance(DelegatingConstructorAccessorImpl.java:45) ~[?:1.8.0_452]
	at java.lang.reflect.Constructor.newInstance(Constructor.java:423) ~[?:1.8.0_452]
	at org.glassfish.hk2.utilities.reflection.ReflectionHelper.makeMe(ReflectionHelper.java:1356) ~[hk2-utils-2.6.1.jar:?]
	at org.jvnet.hk2.internal.ClazzCreator.createMe(ClazzCreator.java:248) ~[hk2-locator-2.6.1.jar:?]
	at org.jvnet.hk2.internal.ClazzCreator.create(ClazzCreator.java:342) ~[hk2-locator-2.6.1.jar:?]
	at org.jvnet.hk2.internal.SystemDescriptor.create(SystemDescriptor.java:463) ~[hk2-locator-2.6.1.jar:?]
	at org.glassfish.jersey.inject.hk2.RequestContext.findOrCreate(RequestContext.java:59) ~[jersey-hk2-2.35.jar:?]
	at org.jvnet.hk2.internal.Utilities.createService(Utilities.java:2102) ~[hk2-locator-2.6.1.jar:?]
	at org.jvnet.hk2.internal.ServiceLocatorImpl.internalGetService(ServiceLocatorImpl.java:758) ~[hk2-locator-2.6.1.jar:?]
	at org.jvnet.hk2.internal.ServiceLocatorImpl.internalGetService(ServiceLocatorImpl.java:721) ~[hk2-locator-2.6.1.jar:?]
	at org.jvnet.hk2.internal.ServiceLocatorImpl.getService(ServiceLocatorImpl.java:691) ~[hk2-locator-2.6.1.jar:?]
	at org.glassfish.jersey.inject.hk2.AbstractHk2InjectionManager.getInstance(AbstractHk2InjectionManager.java:160) ~[jersey-hk2-2.35.jar:?]
	at org.glassfish.jersey.inject.hk2.ImmediateHk2InjectionManager.getInstance(ImmediateHk2InjectionManager.java:30) ~[jersey-hk2-2.35.jar:?]
	at org.glassfish.jersey.internal.inject.Injections.getOrCreate(Injections.java:105) ~[jersey-common-2.35.jar:?]
	at org.glassfish.jersey.server.model.MethodHandler$ClassBasedMethodHandler.getInstance(MethodHandler.java:260) ~[jersey-server-2.35.jar:?]
	at org.glassfish.jersey.server.internal.routing.PushMethodHandlerRouter.apply(PushMethodHandlerRouter.java:51) ~[jersey-server-2.35.jar:?]
	at org.glassfish.jersey.server.internal.routing.RoutingStage._apply(RoutingStage.java:86) ~[jersey-server-2.35.jar:?]
	at org.glassfish.jersey.server.internal.routing.RoutingStage._apply(RoutingStage.java:89) ~[jersey-server-2.35.jar:?]
	at org.glassfish.jersey.server.internal.routing.RoutingStage._apply(RoutingStage.java:89) ~[jersey-server-2.35.jar:?]
	at org.glassfish.jersey.server.internal.routing.RoutingStage._apply(RoutingStage.java:89) ~[jersey-server-2.35.jar:?]
	at org.glassfish.jersey.server.internal.routing.RoutingStage.apply(RoutingStage.java:69) ~[jersey-server-2.35.jar:?]
	at org.glassfish.jersey.server.internal.routing.RoutingStage.apply(RoutingStage.java:38) ~[jersey-server-2.35.jar:?]
	at org.glassfish.jersey.process.internal.Stages.process(Stages.java:173) ~[jersey-common-2.35.jar:?]
	at org.glassfish.jersey.server.ServerRuntime$1.run(ServerRuntime.java:247) ~[jersey-server-2.35.jar:?]
	at org.glassfish.jersey.internal.Errors$1.call(Errors.java:248) ~[jersey-common-2.35.jar:?]
	at org.glassfish.jersey.internal.Errors$1.call(Errors.java:244) ~[jersey-common-2.35.jar:?]
	at org.glassfish.jersey.internal.Errors.process(Errors.java:292) ~[jersey-common-2.35.jar:?]
	at org.glassfish.jersey.internal.Errors.process(Errors.java:274) ~[jersey-common-2.35.jar:?]
	at org.glassfish.jersey.internal.Errors.process(Errors.java:244) ~[jersey-common-2.35.jar:?]
	at org.glassfish.jersey.process.internal.RequestScope.runInScope(RequestScope.java:265) ~[jersey-common-2.35.jar:?]
	at org.glassfish.jersey.server.ServerRuntime.process(ServerRuntime.java:234) ~[jersey-server-2.35.jar:?]
	at org.glassfish.jersey.server.ApplicationHandler.handle(ApplicationHandler.java:684) ~[jersey-server-2.35.jar:?]
	at org.glassfish.jersey.servlet.WebComponent.serviceImpl(WebComponent.java:394) ~[jersey-container-servlet-core-2.35.jar:?]
	at org.glassfish.jersey.servlet.WebComponent.service(WebComponent.java:346) ~[jersey-container-servlet-core-2.35.jar:?]
	at org.glassfish.jersey.servlet.ServletContainer.service(ServletContainer.java:366) ~[jersey-container-servlet-core-2.35.jar:?]
	at org.glassfish.jersey.servlet.ServletContainer.service(ServletContainer.java:319) ~[jersey-container-servlet-core-2.35.jar:?]
	at org.glassfish.jersey.servlet.ServletContainer.service(ServletContainer.java:205) ~[jersey-container-servlet-core-2.35.jar:?]
	at org.eclipse.jetty.servlet.ServletHolder.handle(ServletHolder.java:799) ~[jetty-servlet-9.4.51.v20230217.jar:9.4.51.v20230217]
	at org.eclipse.jetty.servlet.ServletHandler.doHandle(ServletHandler.java:554) ~[jetty-servlet-9.4.51.v20230217.jar:9.4.51.v20230217]
	at org.eclipse.jetty.server.handler.ScopedHandler.nextHandle(ScopedHandler.java:233) ~[jetty-server-9.4.51.v20230217.jar:9.4.51.v20230217]
	at org.eclipse.jetty.server.handler.ContextHandler.doHandle(ContextHandler.java:1440) ~[jetty-server-9.4.51.v20230217.jar:9.4.51.v20230217]
	at org.eclipse.jetty.server.handler.ScopedHandler.nextScope(ScopedHandler.java:188) ~[jetty-server-9.4.51.v20230217.jar:9.4.51.v20230217]
	at org.eclipse.jetty.servlet.ServletHandler.doScope(ServletHandler.java:505) ~[jetty-servlet-9.4.51.v20230217.jar:9.4.51.v20230217]
	at org.eclipse.jetty.server.handler.ScopedHandler.nextScope(ScopedHandler.java:186) ~[jetty-server-9.4.51.v20230217.jar:9.4.51.v20230217]
	at org.eclipse.jetty.server.handler.ContextHandler.doScope(ContextHandler.java:1355) ~[jetty-server-9.4.51.v20230217.jar:9.4.51.v20230217]
	at org.eclipse.jetty.server.handler.ScopedHandler.handle(ScopedHandler.java:141) ~[jetty-server-9.4.51.v20230217.jar:9.4.51.v20230217]
	at org.eclipse.jetty.server.handler.HandlerWrapper.handle(HandlerWrapper.java:127) ~[jetty-server-9.4.51.v20230217.jar:9.4.51.v20230217]
	at org.eclipse.jetty.server.Server.handle(Server.java:516) ~[jetty-server-9.4.51.v20230217.jar:9.4.51.v20230217]
	at org.eclipse.jetty.server.HttpChannel.lambda$handle$1(HttpChannel.java:487) ~[jetty-server-9.4.51.v20230217.jar:9.4.51.v20230217]
	at org.eclipse.jetty.server.HttpChannel.dispatch(HttpChannel.java:732) [jetty-server-9.4.51.v20230217.jar:9.4.51.v20230217]
	at org.eclipse.jetty.server.HttpChannel.handle(HttpChannel.java:479) [jetty-server-9.4.51.v20230217.jar:9.4.51.v20230217]
	at org.eclipse.jetty.server.HttpConnection.onFillable(HttpConnection.java:277) [jetty-server-9.4.51.v20230217.jar:9.4.51.v20230217]
	at org.eclipse.jetty.io.AbstractConnection$ReadCallback.succeeded(AbstractConnection.java:311) [jetty-io-9.4.51.v20230217.jar:9.4.51.v20230217]
	at org.eclipse.jetty.io.FillInterest.fillable(FillInterest.java:105) [jetty-io-9.4.51.v20230217.jar:9.4.51.v20230217]
	at org.eclipse.jetty.io.ChannelEndPoint$1.run(ChannelEndPoint.java:104) [jetty-io-9.4.51.v20230217.jar:9.4.51.v20230217]
	at org.eclipse.jetty.util.thread.QueuedThreadPool.runJob(QueuedThreadPool.java:883) [jetty-util-9.4.51.v20230217.jar:9.4.51.v20230217]
	at org.eclipse.jetty.util.thread.QueuedThreadPool$Runner.run(QueuedThreadPool.java:1034) [jetty-util-9.4.51.v20230217.jar:9.4.51.v20230217]
	at java.lang.Thread.run(Thread.java:750) [?:1.8.0_452]
2025-05-01 19:05:32,738 INFO o.h.d.Dialect [qtp279998869-33] HHH000400: Using dialect: org.hibernate.dialect.PostgreSQL95Dialect
2025-05-01 19:05:32,750 WARN o.h.e.j.s.SqlExceptionHelper [qtp279998869-33] SQL Error: 0, SQLState: 08001
2025-05-01 19:05:32,750 ERROR o.h.e.j.s.SqlExceptionHelper [qtp279998869-33] The connection attempt failed.
2025-05-01 19:06:34,077 INFO o.h.j.i.u.LogHelper [qtp557483190-33] HHH000204: Processing PersistenceUnitInfo [name: orderPU]
2025-05-01 19:06:34,110 INFO o.h.Version [qtp557483190-33] HHH000412: Hibernate ORM core version 5.4.33.Final
2025-05-01 19:06:34,236 INFO o.h.a.c.Version [qtp557483190-33] HCANN000001: Hibernate Commons Annotations {5.1.2.Final}
2025-05-01 19:06:34,358 WARN o.h.o.c.pooling [qtp557483190-33] HHH10001002: Using Hibernate built-in connection pool (not for production use!)
2025-05-01 19:06:34,364 INFO o.h.o.c.pooling [qtp557483190-33] HHH10001005: using driver [org.postgresql.Driver] at URL [jdbc:postgresql://postgres:5432/orderdb]
2025-05-01 19:06:34,365 INFO o.h.o.c.pooling [qtp557483190-33] HHH10001001: Connection properties: {user=postgres, password=****}
2025-05-01 19:06:34,365 INFO o.h.o.c.pooling [qtp557483190-33] HHH10001003: Autocommit mode: false
2025-05-01 19:06:34,367 INFO o.h.e.j.c.i.DriverManagerConnectionProviderImpl [qtp557483190-33] HHH000115: Hibernate connection pool size: 20 (min=1)
2025-05-01 19:06:37,091 WARN o.h.e.j.e.i.JdbcEnvironmentInitiator [qtp557483190-33] HHH000342: Could not obtain connection to query metadata
java.lang.IllegalStateException: Cannot get a connection as the driver manager is not properly initialized
	at org.hibernate.engine.jdbc.connections.internal.DriverManagerConnectionProviderImpl.getConnection(DriverManagerConnectionProviderImpl.java:172) ~[hibernate-core-5.4.33.Final.jar:5.4.33.Final]
	at org.hibernate.engine.jdbc.env.internal.JdbcEnvironmentInitiator$ConnectionProviderJdbcConnectionAccess.obtainConnection(JdbcEnvironmentInitiator.java:180) ~[hibernate-core-5.4.33.Final.jar:5.4.33.Final]
	at org.hibernate.engine.jdbc.env.internal.JdbcEnvironmentInitiator.initiateService(JdbcEnvironmentInitiator.java:68) ~[hibernate-core-5.4.33.Final.jar:5.4.33.Final]
	at org.hibernate.engine.jdbc.env.internal.JdbcEnvironmentInitiator.initiateService(JdbcEnvironmentInitiator.java:35) ~[hibernate-core-5.4.33.Final.jar:5.4.33.Final]
	at org.hibernate.boot.registry.internal.StandardServiceRegistryImpl.initiateService(StandardServiceRegistryImpl.java:101) ~[hibernate-core-5.4.33.Final.jar:5.4.33.Final]
	at org.hibernate.service.internal.AbstractServiceRegistryImpl.createService(AbstractServiceRegistryImpl.java:263) ~[hibernate-core-5.4.33.Final.jar:5.4.33.Final]
	at org.hibernate.service.internal.AbstractServiceRegistryImpl.initializeService(AbstractServiceRegistryImpl.java:237) ~[hibernate-core-5.4.33.Final.jar:5.4.33.Final]
	at org.hibernate.service.internal.AbstractServiceRegistryImpl.getService(AbstractServiceRegistryImpl.java:214) ~[hibernate-core-5.4.33.Final.jar:5.4.33.Final]
	at org.hibernate.engine.jdbc.internal.JdbcServicesImpl.configure(JdbcServicesImpl.java:51) ~[hibernate-core-5.4.33.Final.jar:5.4.33.Final]
	at org.hibernate.boot.registry.internal.StandardServiceRegistryImpl.configureService(StandardServiceRegistryImpl.java:107) ~[hibernate-core-5.4.33.Final.jar:5.4.33.Final]
	at org.hibernate.service.internal.AbstractServiceRegistryImpl.initializeService(AbstractServiceRegistryImpl.java:246) ~[hibernate-core-5.4.33.Final.jar:5.4.33.Final]
	at org.hibernate.service.internal.AbstractServiceRegistryImpl.getService(AbstractServiceRegistryImpl.java:214) ~[hibernate-core-5.4.33.Final.jar:5.4.33.Final]
	at org.hibernate.engine.jdbc.connections.internal.BasicConnectionCreator.convertSqlException(BasicConnectionCreator.java:116) ~[hibernate-core-5.4.33.Final.jar:5.4.33.Final]
	at org.hibernate.engine.jdbc.connections.internal.DriverConnectionCreator.makeConnection(DriverConnectionCreator.java:41) ~[hibernate-core-5.4.33.Final.jar:5.4.33.Final]
	at org.hibernate.engine.jdbc.connections.internal.BasicConnectionCreator.createConnection(BasicConnectionCreator.java:58) ~[hibernate-core-5.4.33.Final.jar:5.4.33.Final]
	at org.hibernate.engine.jdbc.connections.internal.DriverManagerConnectionProviderImpl$PooledConnections.addConnections(DriverManagerConnectionProviderImpl.java:341) ~[hibernate-core-5.4.33.Final.jar:5.4.33.Final]
	at org.hibernate.engine.jdbc.connections.internal.DriverManagerConnectionProviderImpl$PooledConnections.<init>(DriverManagerConnectionProviderImpl.java:260) ~[hibernate-core-5.4.33.Final.jar:5.4.33.Final]
	at org.hibernate.engine.jdbc.connections.internal.DriverManagerConnectionProviderImpl$PooledConnections.<init>(DriverManagerConnectionProviderImpl.java:238) ~[hibernate-core-5.4.33.Final.jar:5.4.33.Final]
	at org.hibernate.engine.jdbc.connections.internal.DriverManagerConnectionProviderImpl$PooledConnections$Builder.build(DriverManagerConnectionProviderImpl.java:379) ~[hibernate-core-5.4.33.Final.jar:5.4.33.Final]
	at org.hibernate.engine.jdbc.connections.internal.DriverManagerConnectionProviderImpl.buildPool(DriverManagerConnectionProviderImpl.java:98) ~[hibernate-core-5.4.33.Final.jar:5.4.33.Final]
	at org.hibernate.engine.jdbc.connections.internal.DriverManagerConnectionProviderImpl.configure(DriverManagerConnectionProviderImpl.java:73) ~[hibernate-core-5.4.33.Final.jar:5.4.33.Final]
	at org.hibernate.boot.registry.internal.StandardServiceRegistryImpl.configureService(StandardServiceRegistryImpl.java:107) ~[hibernate-core-5.4.33.Final.jar:5.4.33.Final]
	at org.hibernate.service.internal.AbstractServiceRegistryImpl.initializeService(AbstractServiceRegistryImpl.java:246) ~[hibernate-core-5.4.33.Final.jar:5.4.33.Final]
	at org.hibernate.service.internal.AbstractServiceRegistryImpl.getService(AbstractServiceRegistryImpl.java:214) ~[hibernate-core-5.4.33.Final.jar:5.4.33.Final]
	at org.hibernate.engine.jdbc.env.internal.JdbcEnvironmentInitiator.buildJdbcConnectionAccess(JdbcEnvironmentInitiator.java:145) ~[hibernate-core-5.4.33.Final.jar:5.4.33.Final]
	at org.hibernate.engine.jdbc.env.internal.JdbcEnvironmentInitiator.initiateService(JdbcEnvironmentInitiator.java:66) ~[hibernate-core-5.4.33.Final.jar:5.4.33.Final]
	at org.hibernate.engine.jdbc.env.internal.JdbcEnvironmentInitiator.initiateService(JdbcEnvironmentInitiator.java:35) ~[hibernate-core-5.4.33.Final.jar:5.4.33.Final]
	at org.hibernate.boot.registry.internal.StandardServiceRegistryImpl.initiateService(StandardServiceRegistryImpl.java:101) ~[hibernate-core-5.4.33.Final.jar:5.4.33.Final]
	at org.hibernate.service.internal.AbstractServiceRegistryImpl.createService(AbstractServiceRegistryImpl.java:263) ~[hibernate-core-5.4.33.Final.jar:5.4.33.Final]
	at org.hibernate.service.internal.AbstractServiceRegistryImpl.initializeService(AbstractServiceRegistryImpl.java:237) ~[hibernate-core-5.4.33.Final.jar:5.4.33.Final]
	at org.hibernate.service.internal.AbstractServiceRegistryImpl.getService(AbstractServiceRegistryImpl.java:214) ~[hibernate-core-5.4.33.Final.jar:5.4.33.Final]
	at org.hibernate.id.factory.internal.DefaultIdentifierGeneratorFactory.injectServices(DefaultIdentifierGeneratorFactory.java:152) ~[hibernate-core-5.4.33.Final.jar:5.4.33.Final]
	at org.hibernate.service.internal.AbstractServiceRegistryImpl.injectDependencies(AbstractServiceRegistryImpl.java:286) ~[hibernate-core-5.4.33.Final.jar:5.4.33.Final]
	at org.hibernate.service.internal.AbstractServiceRegistryImpl.initializeService(AbstractServiceRegistryImpl.java:243) ~[hibernate-core-5.4.33.Final.jar:5.4.33.Final]
	at org.hibernate.service.internal.AbstractServiceRegistryImpl.getService(AbstractServiceRegistryImpl.java:214) ~[hibernate-core-5.4.33.Final.jar:5.4.33.Final]
	at org.hibernate.boot.internal.InFlightMetadataCollectorImpl.<init>(InFlightMetadataCollectorImpl.java:176) ~[hibernate-core-5.4.33.Final.jar:5.4.33.Final]
	at org.hibernate.boot.model.process.spi.MetadataBuildingProcess.complete(MetadataBuildingProcess.java:127) ~[hibernate-core-5.4.33.Final.jar:5.4.33.Final]
	at org.hibernate.jpa.boot.internal.EntityManagerFactoryBuilderImpl.metadata(EntityManagerFactoryBuilderImpl.java:1224) ~[hibernate-core-5.4.33.Final.jar:5.4.33.Final]
	at org.hibernate.jpa.boot.internal.EntityManagerFactoryBuilderImpl.build(EntityManagerFactoryBuilderImpl.java:1255) ~[hibernate-core-5.4.33.Final.jar:5.4.33.Final]
	at org.hibernate.jpa.HibernatePersistenceProvider.createEntityManagerFactory(HibernatePersistenceProvider.java:56) ~[hibernate-core-5.4.33.Final.jar:5.4.33.Final]
	at javax.persistence.Persistence.createEntityManagerFactory(Persistence.java:79) ~[javax.persistence-api-2.2.jar:2.2]
	at javax.persistence.Persistence.createEntityManagerFactory(Persistence.java:54) ~[javax.persistence-api-2.2.jar:2.2]
	at com.ordermanager.utils.JPAUtil.<clinit>(JPAUtil.java:9) ~[classes/:?]
	at com.ordermanager.repository.ItemRepository.<init>(ItemRepository.java:17) ~[classes/:?]
	at com.ordermanager.service.ItemService.<init>(ItemService.java:13) ~[classes/:?]
	at com.ordermanager.controller.ItemController.<init>(ItemController.java:21) ~[classes/:?]
	at sun.reflect.NativeConstructorAccessorImpl.newInstance0(Native Method) ~[?:1.8.0_452]
	at sun.reflect.NativeConstructorAccessorImpl.newInstance(NativeConstructorAccessorImpl.java:62) ~[?:1.8.0_452]
	at sun.reflect.DelegatingConstructorAccessorImpl.newInstance(DelegatingConstructorAccessorImpl.java:45) ~[?:1.8.0_452]
	at java.lang.reflect.Constructor.newInstance(Constructor.java:423) ~[?:1.8.0_452]
	at org.glassfish.hk2.utilities.reflection.ReflectionHelper.makeMe(ReflectionHelper.java:1356) ~[hk2-utils-2.6.1.jar:?]
	at org.jvnet.hk2.internal.ClazzCreator.createMe(ClazzCreator.java:248) ~[hk2-locator-2.6.1.jar:?]
	at org.jvnet.hk2.internal.ClazzCreator.create(ClazzCreator.java:342) ~[hk2-locator-2.6.1.jar:?]
	at org.jvnet.hk2.internal.SystemDescriptor.create(SystemDescriptor.java:463) ~[hk2-locator-2.6.1.jar:?]
	at org.glassfish.jersey.inject.hk2.RequestContext.findOrCreate(RequestContext.java:59) ~[jersey-hk2-2.35.jar:?]
	at org.jvnet.hk2.internal.Utilities.createService(Utilities.java:2102) ~[hk2-locator-2.6.1.jar:?]
	at org.jvnet.hk2.internal.ServiceLocatorImpl.internalGetService(ServiceLocatorImpl.java:758) ~[hk2-locator-2.6.1.jar:?]
	at org.jvnet.hk2.internal.ServiceLocatorImpl.internalGetService(ServiceLocatorImpl.java:721) ~[hk2-locator-2.6.1.jar:?]
	at org.jvnet.hk2.internal.ServiceLocatorImpl.getService(ServiceLocatorImpl.java:691) ~[hk2-locator-2.6.1.jar:?]
	at org.glassfish.jersey.inject.hk2.AbstractHk2InjectionManager.getInstance(AbstractHk2InjectionManager.java:160) ~[jersey-hk2-2.35.jar:?]
	at org.glassfish.jersey.inject.hk2.ImmediateHk2InjectionManager.getInstance(ImmediateHk2InjectionManager.java:30) ~[jersey-hk2-2.35.jar:?]
	at org.glassfish.jersey.internal.inject.Injections.getOrCreate(Injections.java:105) ~[jersey-common-2.35.jar:?]
	at org.glassfish.jersey.server.model.MethodHandler$ClassBasedMethodHandler.getInstance(MethodHandler.java:260) ~[jersey-server-2.35.jar:?]
	at org.glassfish.jersey.server.internal.routing.PushMethodHandlerRouter.apply(PushMethodHandlerRouter.java:51) ~[jersey-server-2.35.jar:?]
	at org.glassfish.jersey.server.internal.routing.RoutingStage._apply(RoutingStage.java:86) ~[jersey-server-2.35.jar:?]
	at org.glassfish.jersey.server.internal.routing.RoutingStage._apply(RoutingStage.java:89) ~[jersey-server-2.35.jar:?]
	at org.glassfish.jersey.server.internal.routing.RoutingStage._apply(RoutingStage.java:89) ~[jersey-server-2.35.jar:?]
	at org.glassfish.jersey.server.internal.routing.RoutingStage._apply(RoutingStage.java:89) ~[jersey-server-2.35.jar:?]
	at org.glassfish.jersey.server.internal.routing.RoutingStage.apply(RoutingStage.java:69) ~[jersey-server-2.35.jar:?]
	at org.glassfish.jersey.server.internal.routing.RoutingStage.apply(RoutingStage.java:38) ~[jersey-server-2.35.jar:?]
	at org.glassfish.jersey.process.internal.Stages.process(Stages.java:173) ~[jersey-common-2.35.jar:?]
	at org.glassfish.jersey.server.ServerRuntime$1.run(ServerRuntime.java:247) ~[jersey-server-2.35.jar:?]
	at org.glassfish.jersey.internal.Errors$1.call(Errors.java:248) ~[jersey-common-2.35.jar:?]
	at org.glassfish.jersey.internal.Errors$1.call(Errors.java:244) ~[jersey-common-2.35.jar:?]
	at org.glassfish.jersey.internal.Errors.process(Errors.java:292) ~[jersey-common-2.35.jar:?]
	at org.glassfish.jersey.internal.Errors.process(Errors.java:274) ~[jersey-common-2.35.jar:?]
	at org.glassfish.jersey.internal.Errors.process(Errors.java:244) ~[jersey-common-2.35.jar:?]
	at org.glassfish.jersey.process.internal.RequestScope.runInScope(RequestScope.java:265) ~[jersey-common-2.35.jar:?]
	at org.glassfish.jersey.server.ServerRuntime.process(ServerRuntime.java:234) ~[jersey-server-2.35.jar:?]
	at org.glassfish.jersey.server.ApplicationHandler.handle(ApplicationHandler.java:684) ~[jersey-server-2.35.jar:?]
	at org.glassfish.jersey.servlet.WebComponent.serviceImpl(WebComponent.java:394) ~[jersey-container-servlet-core-2.35.jar:?]
	at org.glassfish.jersey.servlet.WebComponent.service(WebComponent.java:346) ~[jersey-container-servlet-core-2.35.jar:?]
	at org.glassfish.jersey.servlet.ServletContainer.service(ServletContainer.java:366) ~[jersey-container-servlet-core-2.35.jar:?]
	at org.glassfish.jersey.servlet.ServletContainer.service(ServletContainer.java:319) ~[jersey-container-servlet-core-2.35.jar:?]
	at org.glassfish.jersey.servlet.ServletContainer.service(ServletContainer.java:205) ~[jersey-container-servlet-core-2.35.jar:?]
	at org.eclipse.jetty.servlet.ServletHolder.handle(ServletHolder.java:799) ~[jetty-servlet-9.4.51.v20230217.jar:9.4.51.v20230217]
	at org.eclipse.jetty.servlet.ServletHandler.doHandle(ServletHandler.java:554) ~[jetty-servlet-9.4.51.v20230217.jar:9.4.51.v20230217]
	at org.eclipse.jetty.server.handler.ScopedHandler.nextHandle(ScopedHandler.java:233) ~[jetty-server-9.4.51.v20230217.jar:9.4.51.v20230217]
	at org.eclipse.jetty.server.handler.ContextHandler.doHandle(ContextHandler.java:1440) ~[jetty-server-9.4.51.v20230217.jar:9.4.51.v20230217]
	at org.eclipse.jetty.server.handler.ScopedHandler.nextScope(ScopedHandler.java:188) ~[jetty-server-9.4.51.v20230217.jar:9.4.51.v20230217]
	at org.eclipse.jetty.servlet.ServletHandler.doScope(ServletHandler.java:505) ~[jetty-servlet-9.4.51.v20230217.jar:9.4.51.v20230217]
	at org.eclipse.jetty.server.handler.ScopedHandler.nextScope(ScopedHandler.java:186) ~[jetty-server-9.4.51.v20230217.jar:9.4.51.v20230217]
	at org.eclipse.jetty.server.handler.ContextHandler.doScope(ContextHandler.java:1355) ~[jetty-server-9.4.51.v20230217.jar:9.4.51.v20230217]
	at org.eclipse.jetty.server.handler.ScopedHandler.handle(ScopedHandler.java:141) ~[jetty-server-9.4.51.v20230217.jar:9.4.51.v20230217]
	at org.eclipse.jetty.server.handler.HandlerWrapper.handle(HandlerWrapper.java:127) ~[jetty-server-9.4.51.v20230217.jar:9.4.51.v20230217]
	at org.eclipse.jetty.server.Server.handle(Server.java:516) ~[jetty-server-9.4.51.v20230217.jar:9.4.51.v20230217]
	at org.eclipse.jetty.server.HttpChannel.lambda$handle$1(HttpChannel.java:487) ~[jetty-server-9.4.51.v20230217.jar:9.4.51.v20230217]
	at org.eclipse.jetty.server.HttpChannel.dispatch(HttpChannel.java:732) [jetty-server-9.4.51.v20230217.jar:9.4.51.v20230217]
	at org.eclipse.jetty.server.HttpChannel.handle(HttpChannel.java:479) [jetty-server-9.4.51.v20230217.jar:9.4.51.v20230217]
	at org.eclipse.jetty.server.HttpConnection.onFillable(HttpConnection.java:277) [jetty-server-9.4.51.v20230217.jar:9.4.51.v20230217]
	at org.eclipse.jetty.io.AbstractConnection$ReadCallback.succeeded(AbstractConnection.java:311) [jetty-io-9.4.51.v20230217.jar:9.4.51.v20230217]
	at org.eclipse.jetty.io.FillInterest.fillable(FillInterest.java:105) [jetty-io-9.4.51.v20230217.jar:9.4.51.v20230217]
	at org.eclipse.jetty.io.ChannelEndPoint$1.run(ChannelEndPoint.java:104) [jetty-io-9.4.51.v20230217.jar:9.4.51.v20230217]
	at org.eclipse.jetty.util.thread.QueuedThreadPool.runJob(QueuedThreadPool.java:883) [jetty-util-9.4.51.v20230217.jar:9.4.51.v20230217]
	at org.eclipse.jetty.util.thread.QueuedThreadPool$Runner.run(QueuedThreadPool.java:1034) [jetty-util-9.4.51.v20230217.jar:9.4.51.v20230217]
	at java.lang.Thread.run(Thread.java:750) [?:1.8.0_452]
2025-05-01 19:06:37,104 INFO o.h.d.Dialect [qtp557483190-33] HHH000400: Using dialect: org.hibernate.dialect.PostgreSQL95Dialect
2025-05-01 19:06:37,116 WARN o.h.e.j.s.SqlExceptionHelper [qtp557483190-33] SQL Error: 0, SQLState: 08001
2025-05-01 19:06:37,116 ERROR o.h.e.j.s.SqlExceptionHelper [qtp557483190-33] The connection attempt failed.
2025-05-01 19:08:12,996 INFO o.h.j.i.u.LogHelper [qtp522119829-33] HHH000204: Processing PersistenceUnitInfo [name: orderPU]
2025-05-01 19:08:13,028 INFO o.h.Version [qtp522119829-33] HHH000412: Hibernate ORM core version 5.4.33.Final
2025-05-01 19:08:13,158 INFO o.h.a.c.Version [qtp522119829-33] HCANN000001: Hibernate Commons Annotations {5.1.2.Final}
2025-05-01 19:08:13,295 WARN o.h.o.c.pooling [qtp522119829-33] HHH10001002: Using Hibernate built-in connection pool (not for production use!)
2025-05-01 19:08:13,301 INFO o.h.o.c.pooling [qtp522119829-33] HHH10001005: using driver [org.postgresql.Driver] at URL [jdbc:postgresql://localhost:5432/orderdb]
2025-05-01 19:08:13,301 INFO o.h.o.c.pooling [qtp522119829-33] HHH10001001: Connection properties: {user=postgres, password=****}
2025-05-01 19:08:13,301 INFO o.h.o.c.pooling [qtp522119829-33] HHH10001003: Autocommit mode: false
2025-05-01 19:08:13,303 INFO o.h.e.j.c.i.DriverManagerConnectionProviderImpl [qtp522119829-33] HHH000115: Hibernate connection pool size: 20 (min=1)
2025-05-01 19:08:13,400 INFO o.h.d.Dialect [qtp522119829-33] HHH000400: Using dialect: org.hibernate.dialect.PostgreSQL95Dialect
2025-05-01 19:08:13,921 INFO o.h.o.c.access [qtp522119829-33] HHH10001501: Connection obtained from JdbcConnectionAccess [org.hibernate.engine.jdbc.env.internal.JdbcEnvironmentInitiator$ConnectionProviderJdbcConnectionAccess@483b5dab] for (non-JTA) DDL execution was not in auto-commit mode; the Connection 'local transaction' will be committed and the Connection will be set into auto-commit mode.
2025-05-01 19:08:14,003 INFO o.h.e.t.j.p.i.JtaPlatformInitiator [qtp522119829-33] HHH000490: Using JtaPlatform implementation: [org.hibernate.engine.transaction.jta.platform.internal.NoJtaPlatform]
2025-05-01 19:08:49,710 INFO o.h.j.i.u.LogHelper [qtp1012701060-33] HHH000204: Processing PersistenceUnitInfo [name: orderPU]
2025-05-01 19:08:49,740 INFO o.h.Version [qtp1012701060-33] HHH000412: Hibernate ORM core version 5.4.33.Final
2025-05-01 19:08:49,847 INFO o.h.a.c.Version [qtp1012701060-33] HCANN000001: Hibernate Commons Annotations {5.1.2.Final}
2025-05-01 19:08:49,951 WARN o.h.o.c.pooling [qtp1012701060-33] HHH10001002: Using Hibernate built-in connection pool (not for production use!)
2025-05-01 19:08:49,957 INFO o.h.o.c.pooling [qtp1012701060-33] HHH10001005: using driver [org.postgresql.Driver] at URL [jdbc:postgresql://localhost:5432/orderdb]
2025-05-01 19:08:49,957 INFO o.h.o.c.pooling [qtp1012701060-33] HHH10001001: Connection properties: {user=postgres, password=****}
2025-05-01 19:08:49,957 INFO o.h.o.c.pooling [qtp1012701060-33] HHH10001003: Autocommit mode: false
2025-05-01 19:08:49,958 INFO o.h.e.j.c.i.DriverManagerConnectionProviderImpl [qtp1012701060-33] HHH000115: Hibernate connection pool size: 20 (min=1)
2025-05-01 19:08:50,019 INFO o.h.d.Dialect [qtp1012701060-33] HHH000400: Using dialect: org.hibernate.dialect.PostgreSQL95Dialect
2025-05-01 19:08:50,516 INFO o.h.o.c.access [qtp1012701060-33] HHH10001501: Connection obtained from JdbcConnectionAccess [org.hibernate.engine.jdbc.env.internal.JdbcEnvironmentInitiator$ConnectionProviderJdbcConnectionAccess@550830bb] for (non-JTA) DDL execution was not in auto-commit mode; the Connection 'local transaction' will be committed and the Connection will be set into auto-commit mode.
2025-05-01 19:08:50,589 INFO o.h.e.t.j.p.i.JtaPlatformInitiator [qtp1012701060-33] HHH000490: Using JtaPlatform implementation: [org.hibernate.engine.transaction.jta.platform.internal.NoJtaPlatform]
2025-05-01 19:09:33,656 INFO o.h.j.i.u.LogHelper [qtp1897849184-30] HHH000204: Processing PersistenceUnitInfo [name: orderPU]
2025-05-01 19:09:33,693 INFO o.h.Version [qtp1897849184-30] HHH000412: Hibernate ORM core version 5.4.33.Final
2025-05-01 19:09:33,836 INFO o.h.a.c.Version [qtp1897849184-30] HCANN000001: Hibernate Commons Annotations {5.1.2.Final}
2025-05-01 19:09:33,980 WARN o.h.o.c.pooling [qtp1897849184-30] HHH10001002: Using Hibernate built-in connection pool (not for production use!)
2025-05-01 19:09:33,989 INFO o.h.o.c.pooling [qtp1897849184-30] HHH10001005: using driver [org.postgresql.Driver] at URL [jdbc:postgresql://localhost:5432/orderdb]
2025-05-01 19:09:33,989 INFO o.h.o.c.pooling [qtp1897849184-30] HHH10001001: Connection properties: {user=postgres, password=****}
2025-05-01 19:09:33,989 INFO o.h.o.c.pooling [qtp1897849184-30] HHH10001003: Autocommit mode: false
2025-05-01 19:09:33,992 INFO o.h.e.j.c.i.DriverManagerConnectionProviderImpl [qtp1897849184-30] HHH000115: Hibernate connection pool size: 20 (min=1)
2025-05-01 19:09:34,077 INFO o.h.d.Dialect [qtp1897849184-30] HHH000400: Using dialect: org.hibernate.dialect.PostgreSQL95Dialect
2025-05-01 19:09:34,668 INFO o.h.o.c.access [qtp1897849184-30] HHH10001501: Connection obtained from JdbcConnectionAccess [org.hibernate.engine.jdbc.env.internal.JdbcEnvironmentInitiator$ConnectionProviderJdbcConnectionAccess@39d2fbb0] for (non-JTA) DDL execution was not in auto-commit mode; the Connection 'local transaction' will be committed and the Connection will be set into auto-commit mode.
2025-05-01 19:09:34,729 INFO o.h.e.t.j.p.i.JtaPlatformInitiator [qtp1897849184-30] HHH000490: Using JtaPlatform implementation: [org.hibernate.engine.transaction.jta.platform.internal.NoJtaPlatform]
2025-05-01 19:19:21,772 INFO o.h.j.i.u.LogHelper [qtp1953821843-26] HHH000204: Processing PersistenceUnitInfo [name: orderPU]
2025-05-01 19:19:21,805 INFO o.h.Version [qtp1953821843-26] HHH000412: Hibernate ORM core version 5.4.33.Final
2025-05-01 19:19:21,915 INFO o.h.a.c.Version [qtp1953821843-26] HCANN000001: Hibernate Commons Annotations {5.1.2.Final}
2025-05-01 19:19:22,022 WARN o.h.o.c.pooling [qtp1953821843-26] HHH10001002: Using Hibernate built-in connection pool (not for production use!)
2025-05-01 19:19:22,026 INFO o.h.o.c.pooling [qtp1953821843-26] HHH10001005: using driver [org.postgresql.Driver] at URL [jdbc:postgresql://localhost:5432/orderdb]
2025-05-01 19:19:22,027 INFO o.h.o.c.pooling [qtp1953821843-26] HHH10001001: Connection properties: {user=postgres, password=****}
2025-05-01 19:19:22,027 INFO o.h.o.c.pooling [qtp1953821843-26] HHH10001003: Autocommit mode: false
2025-05-01 19:19:22,028 INFO o.h.e.j.c.i.DriverManagerConnectionProviderImpl [qtp1953821843-26] HHH000115: Hibernate connection pool size: 20 (min=1)
2025-05-01 19:19:22,092 INFO o.h.d.Dialect [qtp1953821843-26] HHH000400: Using dialect: org.hibernate.dialect.PostgreSQL95Dialect
2025-05-01 19:19:22,635 INFO o.h.o.c.access [qtp1953821843-26] HHH10001501: Connection obtained from JdbcConnectionAccess [org.hibernate.engine.jdbc.env.internal.JdbcEnvironmentInitiator$ConnectionProviderJdbcConnectionAccess@48baebd] for (non-JTA) DDL execution was not in auto-commit mode; the Connection 'local transaction' will be committed and the Connection will be set into auto-commit mode.
2025-05-01 19:19:22,706 INFO o.h.e.t.j.p.i.JtaPlatformInitiator [qtp1953821843-26] HHH000490: Using JtaPlatform implementation: [org.hibernate.engine.transaction.jta.platform.internal.NoJtaPlatform]
2025-05-01 20:48:07,067 INFO o.h.v.i.u.Version [com.ordermanager.Main.main()] HV000001: Hibernate Validator 6.2.0.Final
2025-05-01 20:48:12,789 INFO o.h.j.i.u.LogHelper [qtp435437662-34] HHH000204: Processing PersistenceUnitInfo [name: orderPU]
2025-05-01 20:48:12,824 INFO o.h.Version [qtp435437662-34] HHH000412: Hibernate ORM core version 5.4.33.Final
2025-05-01 20:48:12,947 INFO o.h.a.c.Version [qtp435437662-34] HCANN000001: Hibernate Commons Annotations {5.1.2.Final}
2025-05-01 20:48:13,085 WARN o.h.o.c.pooling [qtp435437662-34] HHH10001002: Using Hibernate built-in connection pool (not for production use!)
2025-05-01 20:48:13,090 INFO o.h.o.c.pooling [qtp435437662-34] HHH10001005: using driver [org.postgresql.Driver] at URL [jdbc:postgresql://postgres:5432/orderdb]
2025-05-01 20:48:13,090 INFO o.h.o.c.pooling [qtp435437662-34] HHH10001001: Connection properties: {user=postgres, password=****}
2025-05-01 20:48:13,090 INFO o.h.o.c.pooling [qtp435437662-34] HHH10001003: Autocommit mode: false
2025-05-01 20:48:13,093 INFO o.h.e.j.c.i.DriverManagerConnectionProviderImpl [qtp435437662-34] HHH000115: Hibernate connection pool size: 20 (min=1)
2025-05-01 20:48:15,820 WARN o.h.e.j.e.i.JdbcEnvironmentInitiator [qtp435437662-34] HHH000342: Could not obtain connection to query metadata
java.lang.IllegalStateException: Cannot get a connection as the driver manager is not properly initialized
	at org.hibernate.engine.jdbc.connections.internal.DriverManagerConnectionProviderImpl.getConnection(DriverManagerConnectionProviderImpl.java:172) ~[hibernate-core-5.4.33.Final.jar:5.4.33.Final]
	at org.hibernate.engine.jdbc.env.internal.JdbcEnvironmentInitiator$ConnectionProviderJdbcConnectionAccess.obtainConnection(JdbcEnvironmentInitiator.java:180) ~[hibernate-core-5.4.33.Final.jar:5.4.33.Final]
	at org.hibernate.engine.jdbc.env.internal.JdbcEnvironmentInitiator.initiateService(JdbcEnvironmentInitiator.java:68) ~[hibernate-core-5.4.33.Final.jar:5.4.33.Final]
	at org.hibernate.engine.jdbc.env.internal.JdbcEnvironmentInitiator.initiateService(JdbcEnvironmentInitiator.java:35) ~[hibernate-core-5.4.33.Final.jar:5.4.33.Final]
	at org.hibernate.boot.registry.internal.StandardServiceRegistryImpl.initiateService(StandardServiceRegistryImpl.java:101) ~[hibernate-core-5.4.33.Final.jar:5.4.33.Final]
	at org.hibernate.service.internal.AbstractServiceRegistryImpl.createService(AbstractServiceRegistryImpl.java:263) ~[hibernate-core-5.4.33.Final.jar:5.4.33.Final]
	at org.hibernate.service.internal.AbstractServiceRegistryImpl.initializeService(AbstractServiceRegistryImpl.java:237) ~[hibernate-core-5.4.33.Final.jar:5.4.33.Final]
	at org.hibernate.service.internal.AbstractServiceRegistryImpl.getService(AbstractServiceRegistryImpl.java:214) ~[hibernate-core-5.4.33.Final.jar:5.4.33.Final]
	at org.hibernate.engine.jdbc.internal.JdbcServicesImpl.configure(JdbcServicesImpl.java:51) ~[hibernate-core-5.4.33.Final.jar:5.4.33.Final]
	at org.hibernate.boot.registry.internal.StandardServiceRegistryImpl.configureService(StandardServiceRegistryImpl.java:107) ~[hibernate-core-5.4.33.Final.jar:5.4.33.Final]
	at org.hibernate.service.internal.AbstractServiceRegistryImpl.initializeService(AbstractServiceRegistryImpl.java:246) ~[hibernate-core-5.4.33.Final.jar:5.4.33.Final]
	at org.hibernate.service.internal.AbstractServiceRegistryImpl.getService(AbstractServiceRegistryImpl.java:214) ~[hibernate-core-5.4.33.Final.jar:5.4.33.Final]
	at org.hibernate.engine.jdbc.connections.internal.BasicConnectionCreator.convertSqlException(BasicConnectionCreator.java:116) ~[hibernate-core-5.4.33.Final.jar:5.4.33.Final]
	at org.hibernate.engine.jdbc.connections.internal.DriverConnectionCreator.makeConnection(DriverConnectionCreator.java:41) ~[hibernate-core-5.4.33.Final.jar:5.4.33.Final]
	at org.hibernate.engine.jdbc.connections.internal.BasicConnectionCreator.createConnection(BasicConnectionCreator.java:58) ~[hibernate-core-5.4.33.Final.jar:5.4.33.Final]
	at org.hibernate.engine.jdbc.connections.internal.DriverManagerConnectionProviderImpl$PooledConnections.addConnections(DriverManagerConnectionProviderImpl.java:341) ~[hibernate-core-5.4.33.Final.jar:5.4.33.Final]
	at org.hibernate.engine.jdbc.connections.internal.DriverManagerConnectionProviderImpl$PooledConnections.<init>(DriverManagerConnectionProviderImpl.java:260) ~[hibernate-core-5.4.33.Final.jar:5.4.33.Final]
	at org.hibernate.engine.jdbc.connections.internal.DriverManagerConnectionProviderImpl$PooledConnections.<init>(DriverManagerConnectionProviderImpl.java:238) ~[hibernate-core-5.4.33.Final.jar:5.4.33.Final]
	at org.hibernate.engine.jdbc.connections.internal.DriverManagerConnectionProviderImpl$PooledConnections$Builder.build(DriverManagerConnectionProviderImpl.java:379) ~[hibernate-core-5.4.33.Final.jar:5.4.33.Final]
	at org.hibernate.engine.jdbc.connections.internal.DriverManagerConnectionProviderImpl.buildPool(DriverManagerConnectionProviderImpl.java:98) ~[hibernate-core-5.4.33.Final.jar:5.4.33.Final]
	at org.hibernate.engine.jdbc.connections.internal.DriverManagerConnectionProviderImpl.configure(DriverManagerConnectionProviderImpl.java:73) ~[hibernate-core-5.4.33.Final.jar:5.4.33.Final]
	at org.hibernate.boot.registry.internal.StandardServiceRegistryImpl.configureService(StandardServiceRegistryImpl.java:107) ~[hibernate-core-5.4.33.Final.jar:5.4.33.Final]
	at org.hibernate.service.internal.AbstractServiceRegistryImpl.initializeService(AbstractServiceRegistryImpl.java:246) ~[hibernate-core-5.4.33.Final.jar:5.4.33.Final]
	at org.hibernate.service.internal.AbstractServiceRegistryImpl.getService(AbstractServiceRegistryImpl.java:214) ~[hibernate-core-5.4.33.Final.jar:5.4.33.Final]
	at org.hibernate.engine.jdbc.env.internal.JdbcEnvironmentInitiator.buildJdbcConnectionAccess(JdbcEnvironmentInitiator.java:145) ~[hibernate-core-5.4.33.Final.jar:5.4.33.Final]
	at org.hibernate.engine.jdbc.env.internal.JdbcEnvironmentInitiator.initiateService(JdbcEnvironmentInitiator.java:66) ~[hibernate-core-5.4.33.Final.jar:5.4.33.Final]
	at org.hibernate.engine.jdbc.env.internal.JdbcEnvironmentInitiator.initiateService(JdbcEnvironmentInitiator.java:35) ~[hibernate-core-5.4.33.Final.jar:5.4.33.Final]
	at org.hibernate.boot.registry.internal.StandardServiceRegistryImpl.initiateService(StandardServiceRegistryImpl.java:101) ~[hibernate-core-5.4.33.Final.jar:5.4.33.Final]
	at org.hibernate.service.internal.AbstractServiceRegistryImpl.createService(AbstractServiceRegistryImpl.java:263) ~[hibernate-core-5.4.33.Final.jar:5.4.33.Final]
	at org.hibernate.service.internal.AbstractServiceRegistryImpl.initializeService(AbstractServiceRegistryImpl.java:237) ~[hibernate-core-5.4.33.Final.jar:5.4.33.Final]
	at org.hibernate.service.internal.AbstractServiceRegistryImpl.getService(AbstractServiceRegistryImpl.java:214) ~[hibernate-core-5.4.33.Final.jar:5.4.33.Final]
	at org.hibernate.id.factory.internal.DefaultIdentifierGeneratorFactory.injectServices(DefaultIdentifierGeneratorFactory.java:152) ~[hibernate-core-5.4.33.Final.jar:5.4.33.Final]
	at org.hibernate.service.internal.AbstractServiceRegistryImpl.injectDependencies(AbstractServiceRegistryImpl.java:286) ~[hibernate-core-5.4.33.Final.jar:5.4.33.Final]
	at org.hibernate.service.internal.AbstractServiceRegistryImpl.initializeService(AbstractServiceRegistryImpl.java:243) ~[hibernate-core-5.4.33.Final.jar:5.4.33.Final]
	at org.hibernate.service.internal.AbstractServiceRegistryImpl.getService(AbstractServiceRegistryImpl.java:214) ~[hibernate-core-5.4.33.Final.jar:5.4.33.Final]
	at org.hibernate.boot.internal.InFlightMetadataCollectorImpl.<init>(InFlightMetadataCollectorImpl.java:176) ~[hibernate-core-5.4.33.Final.jar:5.4.33.Final]
	at org.hibernate.boot.model.process.spi.MetadataBuildingProcess.complete(MetadataBuildingProcess.java:127) ~[hibernate-core-5.4.33.Final.jar:5.4.33.Final]
	at org.hibernate.jpa.boot.internal.EntityManagerFactoryBuilderImpl.metadata(EntityManagerFactoryBuilderImpl.java:1224) ~[hibernate-core-5.4.33.Final.jar:5.4.33.Final]
	at org.hibernate.jpa.boot.internal.EntityManagerFactoryBuilderImpl.build(EntityManagerFactoryBuilderImpl.java:1255) ~[hibernate-core-5.4.33.Final.jar:5.4.33.Final]
	at org.hibernate.jpa.HibernatePersistenceProvider.createEntityManagerFactory(HibernatePersistenceProvider.java:56) ~[hibernate-core-5.4.33.Final.jar:5.4.33.Final]
	at javax.persistence.Persistence.createEntityManagerFactory(Persistence.java:79) ~[javax.persistence-api-2.2.jar:2.2]
	at javax.persistence.Persistence.createEntityManagerFactory(Persistence.java:54) ~[javax.persistence-api-2.2.jar:2.2]
	at com.ordermanager.utils.JPAUtil.<clinit>(JPAUtil.java:9) ~[classes/:?]
	at com.ordermanager.repository.ItemRepository.<init>(ItemRepository.java:17) ~[classes/:?]
	at com.ordermanager.service.ItemService.<init>(ItemService.java:13) ~[classes/:?]
	at com.ordermanager.controller.ItemController.<init>(ItemController.java:22) ~[classes/:?]
	at sun.reflect.NativeConstructorAccessorImpl.newInstance0(Native Method) ~[?:1.8.0_452]
	at sun.reflect.NativeConstructorAccessorImpl.newInstance(NativeConstructorAccessorImpl.java:62) ~[?:1.8.0_452]
	at sun.reflect.DelegatingConstructorAccessorImpl.newInstance(DelegatingConstructorAccessorImpl.java:45) ~[?:1.8.0_452]
	at java.lang.reflect.Constructor.newInstance(Constructor.java:423) ~[?:1.8.0_452]
	at org.glassfish.hk2.utilities.reflection.ReflectionHelper.makeMe(ReflectionHelper.java:1356) ~[hk2-utils-2.6.1.jar:?]
	at org.jvnet.hk2.internal.ClazzCreator.createMe(ClazzCreator.java:248) ~[hk2-locator-2.6.1.jar:?]
	at org.jvnet.hk2.internal.ClazzCreator.create(ClazzCreator.java:342) ~[hk2-locator-2.6.1.jar:?]
	at org.jvnet.hk2.internal.SystemDescriptor.create(SystemDescriptor.java:463) ~[hk2-locator-2.6.1.jar:?]
	at org.glassfish.jersey.inject.hk2.RequestContext.findOrCreate(RequestContext.java:59) ~[jersey-hk2-2.35.jar:?]
	at org.jvnet.hk2.internal.Utilities.createService(Utilities.java:2102) ~[hk2-locator-2.6.1.jar:?]
	at org.jvnet.hk2.internal.ServiceLocatorImpl.internalGetService(ServiceLocatorImpl.java:758) ~[hk2-locator-2.6.1.jar:?]
	at org.jvnet.hk2.internal.ServiceLocatorImpl.internalGetService(ServiceLocatorImpl.java:721) ~[hk2-locator-2.6.1.jar:?]
	at org.jvnet.hk2.internal.ServiceLocatorImpl.getService(ServiceLocatorImpl.java:691) ~[hk2-locator-2.6.1.jar:?]
	at org.glassfish.jersey.inject.hk2.AbstractHk2InjectionManager.getInstance(AbstractHk2InjectionManager.java:160) ~[jersey-hk2-2.35.jar:?]
	at org.glassfish.jersey.inject.hk2.ImmediateHk2InjectionManager.getInstance(ImmediateHk2InjectionManager.java:30) ~[jersey-hk2-2.35.jar:?]
	at org.glassfish.jersey.internal.inject.Injections.getOrCreate(Injections.java:105) ~[jersey-common-2.35.jar:?]
	at org.glassfish.jersey.server.model.MethodHandler$ClassBasedMethodHandler.getInstance(MethodHandler.java:260) ~[jersey-server-2.35.jar:?]
	at org.glassfish.jersey.server.internal.routing.PushMethodHandlerRouter.apply(PushMethodHandlerRouter.java:51) ~[jersey-server-2.35.jar:?]
	at org.glassfish.jersey.server.internal.routing.RoutingStage._apply(RoutingStage.java:86) ~[jersey-server-2.35.jar:?]
	at org.glassfish.jersey.server.internal.routing.RoutingStage._apply(RoutingStage.java:89) ~[jersey-server-2.35.jar:?]
	at org.glassfish.jersey.server.internal.routing.RoutingStage._apply(RoutingStage.java:89) ~[jersey-server-2.35.jar:?]
	at org.glassfish.jersey.server.internal.routing.RoutingStage._apply(RoutingStage.java:89) ~[jersey-server-2.35.jar:?]
	at org.glassfish.jersey.server.internal.routing.RoutingStage.apply(RoutingStage.java:69) ~[jersey-server-2.35.jar:?]
	at org.glassfish.jersey.server.internal.routing.RoutingStage.apply(RoutingStage.java:38) ~[jersey-server-2.35.jar:?]
	at org.glassfish.jersey.process.internal.Stages.process(Stages.java:173) ~[jersey-common-2.35.jar:?]
	at org.glassfish.jersey.server.ServerRuntime$1.run(ServerRuntime.java:247) ~[jersey-server-2.35.jar:?]
	at org.glassfish.jersey.internal.Errors$1.call(Errors.java:248) ~[jersey-common-2.35.jar:?]
	at org.glassfish.jersey.internal.Errors$1.call(Errors.java:244) ~[jersey-common-2.35.jar:?]
	at org.glassfish.jersey.internal.Errors.process(Errors.java:292) ~[jersey-common-2.35.jar:?]
	at org.glassfish.jersey.internal.Errors.process(Errors.java:274) ~[jersey-common-2.35.jar:?]
	at org.glassfish.jersey.internal.Errors.process(Errors.java:244) ~[jersey-common-2.35.jar:?]
	at org.glassfish.jersey.process.internal.RequestScope.runInScope(RequestScope.java:265) ~[jersey-common-2.35.jar:?]
	at org.glassfish.jersey.server.ServerRuntime.process(ServerRuntime.java:234) ~[jersey-server-2.35.jar:?]
	at org.glassfish.jersey.server.ApplicationHandler.handle(ApplicationHandler.java:684) ~[jersey-server-2.35.jar:?]
	at org.glassfish.jersey.servlet.WebComponent.serviceImpl(WebComponent.java:394) ~[jersey-container-servlet-core-2.35.jar:?]
	at org.glassfish.jersey.servlet.WebComponent.service(WebComponent.java:346) ~[jersey-container-servlet-core-2.35.jar:?]
	at org.glassfish.jersey.servlet.ServletContainer.service(ServletContainer.java:366) ~[jersey-container-servlet-core-2.35.jar:?]
	at org.glassfish.jersey.servlet.ServletContainer.service(ServletContainer.java:319) ~[jersey-container-servlet-core-2.35.jar:?]
	at org.glassfish.jersey.servlet.ServletContainer.service(ServletContainer.java:205) ~[jersey-container-servlet-core-2.35.jar:?]
	at org.eclipse.jetty.servlet.ServletHolder.handle(ServletHolder.java:799) ~[jetty-servlet-9.4.51.v20230217.jar:9.4.51.v20230217]
	at org.eclipse.jetty.servlet.ServletHandler.doHandle(ServletHandler.java:554) ~[jetty-servlet-9.4.51.v20230217.jar:9.4.51.v20230217]
	at org.eclipse.jetty.server.handler.ScopedHandler.nextHandle(ScopedHandler.java:233) ~[jetty-server-9.4.51.v20230217.jar:9.4.51.v20230217]
	at org.eclipse.jetty.server.handler.ContextHandler.doHandle(ContextHandler.java:1440) ~[jetty-server-9.4.51.v20230217.jar:9.4.51.v20230217]
	at org.eclipse.jetty.server.handler.ScopedHandler.nextScope(ScopedHandler.java:188) ~[jetty-server-9.4.51.v20230217.jar:9.4.51.v20230217]
	at org.eclipse.jetty.servlet.ServletHandler.doScope(ServletHandler.java:505) ~[jetty-servlet-9.4.51.v20230217.jar:9.4.51.v20230217]
	at org.eclipse.jetty.server.handler.ScopedHandler.nextScope(ScopedHandler.java:186) ~[jetty-server-9.4.51.v20230217.jar:9.4.51.v20230217]
	at org.eclipse.jetty.server.handler.ContextHandler.doScope(ContextHandler.java:1355) ~[jetty-server-9.4.51.v20230217.jar:9.4.51.v20230217]
	at org.eclipse.jetty.server.handler.ScopedHandler.handle(ScopedHandler.java:141) ~[jetty-server-9.4.51.v20230217.jar:9.4.51.v20230217]
	at org.eclipse.jetty.server.handler.HandlerWrapper.handle(HandlerWrapper.java:127) ~[jetty-server-9.4.51.v20230217.jar:9.4.51.v20230217]
	at org.eclipse.jetty.server.Server.handle(Server.java:516) ~[jetty-server-9.4.51.v20230217.jar:9.4.51.v20230217]
	at org.eclipse.jetty.server.HttpChannel.lambda$handle$1(HttpChannel.java:487) ~[jetty-server-9.4.51.v20230217.jar:9.4.51.v20230217]
	at org.eclipse.jetty.server.HttpChannel.dispatch(HttpChannel.java:732) [jetty-server-9.4.51.v20230217.jar:9.4.51.v20230217]
	at org.eclipse.jetty.server.HttpChannel.handle(HttpChannel.java:479) [jetty-server-9.4.51.v20230217.jar:9.4.51.v20230217]
	at org.eclipse.jetty.server.HttpConnection.onFillable(HttpConnection.java:277) [jetty-server-9.4.51.v20230217.jar:9.4.51.v20230217]
	at org.eclipse.jetty.io.AbstractConnection$ReadCallback.succeeded(AbstractConnection.java:311) [jetty-io-9.4.51.v20230217.jar:9.4.51.v20230217]
	at org.eclipse.jetty.io.FillInterest.fillable(FillInterest.java:105) [jetty-io-9.4.51.v20230217.jar:9.4.51.v20230217]
	at org.eclipse.jetty.io.ChannelEndPoint$1.run(ChannelEndPoint.java:104) [jetty-io-9.4.51.v20230217.jar:9.4.51.v20230217]
	at org.eclipse.jetty.util.thread.QueuedThreadPool.runJob(QueuedThreadPool.java:883) [jetty-util-9.4.51.v20230217.jar:9.4.51.v20230217]
	at org.eclipse.jetty.util.thread.QueuedThreadPool$Runner.run(QueuedThreadPool.java:1034) [jetty-util-9.4.51.v20230217.jar:9.4.51.v20230217]
	at java.lang.Thread.run(Thread.java:750) [?:1.8.0_452]
2025-05-01 20:48:15,840 INFO o.h.d.Dialect [qtp435437662-34] HHH000400: Using dialect: org.hibernate.dialect.PostgreSQL95Dialect
2025-05-01 20:48:15,856 WARN o.h.e.j.s.SqlExceptionHelper [qtp435437662-34] SQL Error: 0, SQLState: 08001
2025-05-01 20:48:15,856 ERROR o.h.e.j.s.SqlExceptionHelper [qtp435437662-34] The connection attempt failed.
2025-05-01 20:50:08,967 INFO o.h.v.i.u.Version [com.ordermanager.Main.main()] HV000001: Hibernate Validator 6.2.0.Final
2025-05-01 20:50:25,853 INFO o.h.j.i.u.LogHelper [qtp776570711-34] HHH000204: Processing PersistenceUnitInfo [name: orderPU]
2025-05-01 20:50:25,889 INFO o.h.Version [qtp776570711-34] HHH000412: Hibernate ORM core version 5.4.33.Final
2025-05-01 20:50:26,020 INFO o.h.a.c.Version [qtp776570711-34] HCANN000001: Hibernate Commons Annotations {5.1.2.Final}
2025-05-01 20:50:26,151 WARN o.h.o.c.pooling [qtp776570711-34] HHH10001002: Using Hibernate built-in connection pool (not for production use!)
2025-05-01 20:50:26,156 INFO o.h.o.c.pooling [qtp776570711-34] HHH10001005: using driver [org.postgresql.Driver] at URL [jdbc:postgresql://localhost:5432/orderdb]
2025-05-01 20:50:26,156 INFO o.h.o.c.pooling [qtp776570711-34] HHH10001001: Connection properties: {user=postgres, password=****}
2025-05-01 20:50:26,156 INFO o.h.o.c.pooling [qtp776570711-34] HHH10001003: Autocommit mode: false
2025-05-01 20:50:26,158 INFO o.h.e.j.c.i.DriverManagerConnectionProviderImpl [qtp776570711-34] HHH000115: Hibernate connection pool size: 20 (min=1)
2025-05-01 20:50:26,232 INFO o.h.d.Dialect [qtp776570711-34] HHH000400: Using dialect: org.hibernate.dialect.PostgreSQL95Dialect
2025-05-01 20:50:26,946 INFO o.h.o.c.access [qtp776570711-34] HHH10001501: Connection obtained from JdbcConnectionAccess [org.hibernate.engine.jdbc.env.internal.JdbcEnvironmentInitiator$ConnectionProviderJdbcConnectionAccess@76ee0537] for (non-JTA) DDL execution was not in auto-commit mode; the Connection 'local transaction' will be committed and the Connection will be set into auto-commit mode.
2025-05-01 20:50:27,019 INFO o.h.e.t.j.p.i.JtaPlatformInitiator [qtp776570711-34] HHH000490: Using JtaPlatform implementation: [org.hibernate.engine.transaction.jta.platform.internal.NoJtaPlatform]
2025-05-01 21:06:59,210 INFO o.h.v.i.u.Version [com.ordermanager.Main.main()] HV000001: Hibernate Validator 6.2.0.Final
2025-05-01 21:10:58,519 INFO o.h.v.i.u.Version [com.ordermanager.Main.main()] HV000001: Hibernate Validator 6.2.0.Final
2025-05-01 21:11:30,875 INFO o.h.v.i.u.Version [com.ordermanager.Main.main()] HV000001: Hibernate Validator 6.2.0.Final
2025-05-01 21:11:37,134 INFO o.h.j.i.u.LogHelper [qtp795717851-34] HHH000204: Processing PersistenceUnitInfo [name: orderPU]
2025-05-01 21:11:37,172 INFO o.h.Version [qtp795717851-34] HHH000412: Hibernate ORM core version 5.4.33.Final
2025-05-01 21:11:37,308 INFO o.h.a.c.Version [qtp795717851-34] HCANN000001: Hibernate Commons Annotations {5.1.2.Final}
2025-05-01 21:11:37,452 WARN o.h.o.c.pooling [qtp795717851-34] HHH10001002: Using Hibernate built-in connection pool (not for production use!)
2025-05-01 21:11:37,457 INFO o.h.o.c.pooling [qtp795717851-34] HHH10001005: using driver [org.postgresql.Driver] at URL [jdbc:postgresql://localhost:5432/orderdb]
2025-05-01 21:11:37,458 INFO o.h.o.c.pooling [qtp795717851-34] HHH10001001: Connection properties: {user=postgres, password=****}
2025-05-01 21:11:37,458 INFO o.h.o.c.pooling [qtp795717851-34] HHH10001003: Autocommit mode: false
2025-05-01 21:11:37,460 INFO o.h.e.j.c.i.DriverManagerConnectionProviderImpl [qtp795717851-34] HHH000115: Hibernate connection pool size: 20 (min=1)
2025-05-01 21:11:37,563 INFO o.h.d.Dialect [qtp795717851-34] HHH000400: Using dialect: org.hibernate.dialect.PostgreSQL95Dialect
2025-05-01 21:11:38,218 INFO o.h.o.c.access [qtp795717851-34] HHH10001501: Connection obtained from JdbcConnectionAccess [org.hibernate.engine.jdbc.env.internal.JdbcEnvironmentInitiator$ConnectionProviderJdbcConnectionAccess@1f9edf44] for (non-JTA) DDL execution was not in auto-commit mode; the Connection 'local transaction' will be committed and the Connection will be set into auto-commit mode.
2025-05-01 21:11:38,278 INFO o.h.e.t.j.p.i.JtaPlatformInitiator [qtp795717851-34] HHH000490: Using JtaPlatform implementation: [org.hibernate.engine.transaction.jta.platform.internal.NoJtaPlatform]
2025-05-01 21:14:48,111 INFO o.h.v.i.u.Version [com.ordermanager.Main.main()] HV000001: Hibernate Validator 6.2.0.Final
2025-05-01 21:17:01,415 INFO o.h.j.i.u.LogHelper [qtp1467360460-24] HHH000204: Processing PersistenceUnitInfo [name: orderPU]
2025-05-01 21:17:01,451 INFO o.h.Version [qtp1467360460-24] HHH000412: Hibernate ORM core version 5.4.33.Final
2025-05-01 21:17:01,589 INFO o.h.a.c.Version [qtp1467360460-24] HCANN000001: Hibernate Commons Annotations {5.1.2.Final}
2025-05-01 21:17:01,725 WARN o.h.o.c.pooling [qtp1467360460-24] HHH10001002: Using Hibernate built-in connection pool (not for production use!)
2025-05-01 21:17:01,730 INFO o.h.o.c.pooling [qtp1467360460-24] HHH10001005: using driver [org.postgresql.Driver] at URL [jdbc:postgresql://localhost:5432/orderdb]
2025-05-01 21:17:01,731 INFO o.h.o.c.pooling [qtp1467360460-24] HHH10001001: Connection properties: {user=postgres, password=****}
2025-05-01 21:17:01,731 INFO o.h.o.c.pooling [qtp1467360460-24] HHH10001003: Autocommit mode: false
2025-05-01 21:17:01,733 INFO o.h.e.j.c.i.DriverManagerConnectionProviderImpl [qtp1467360460-24] HHH000115: Hibernate connection pool size: 20 (min=1)
2025-05-01 21:17:01,812 INFO o.h.d.Dialect [qtp1467360460-24] HHH000400: Using dialect: org.hibernate.dialect.PostgreSQL95Dialect
2025-05-01 21:17:02,622 INFO o.h.o.c.access [qtp1467360460-24] HHH10001501: Connection obtained from JdbcConnectionAccess [org.hibernate.engine.jdbc.env.internal.JdbcEnvironmentInitiator$ConnectionProviderJdbcConnectionAccess@4d4c7105] for (non-JTA) DDL execution was not in auto-commit mode; the Connection 'local transaction' will be committed and the Connection will be set into auto-commit mode.
2025-05-01 21:17:02,694 INFO o.h.e.t.j.p.i.JtaPlatformInitiator [qtp1467360460-24] HHH000490: Using JtaPlatform implementation: [org.hibernate.engine.transaction.jta.platform.internal.NoJtaPlatform]
2025-05-01 21:29:42,990 INFO o.h.v.i.u.Version [com.ordermanager.Main.main()] HV000001: Hibernate Validator 6.2.0.Final
2025-05-01 21:29:55,775 INFO o.h.j.i.u.LogHelper [qtp795717851-30] HHH000204: Processing PersistenceUnitInfo [name: orderPU]
2025-05-01 21:29:55,815 INFO o.h.Version [qtp795717851-30] HHH000412: Hibernate ORM core version 5.4.33.Final
2025-05-01 21:29:55,984 INFO o.h.a.c.Version [qtp795717851-30] HCANN000001: Hibernate Commons Annotations {5.1.2.Final}
2025-05-01 21:29:56,143 WARN o.h.o.c.pooling [qtp795717851-30] HHH10001002: Using Hibernate built-in connection pool (not for production use!)
2025-05-01 21:29:56,150 INFO o.h.o.c.pooling [qtp795717851-30] HHH10001005: using driver [org.postgresql.Driver] at URL [jdbc:postgresql://localhost:5432/orderdb]
2025-05-01 21:29:56,151 INFO o.h.o.c.pooling [qtp795717851-30] HHH10001001: Connection properties: {user=postgres, password=****}
2025-05-01 21:29:56,151 INFO o.h.o.c.pooling [qtp795717851-30] HHH10001003: Autocommit mode: false
2025-05-01 21:29:56,154 INFO o.h.e.j.c.i.DriverManagerConnectionProviderImpl [qtp795717851-30] HHH000115: Hibernate connection pool size: 20 (min=1)
2025-05-01 21:29:56,248 INFO o.h.d.Dialect [qtp795717851-30] HHH000400: Using dialect: org.hibernate.dialect.PostgreSQL95Dialect
2025-05-01 21:29:57,070 INFO o.h.o.c.access [qtp795717851-30] HHH10001501: Connection obtained from JdbcConnectionAccess [org.hibernate.engine.jdbc.env.internal.JdbcEnvironmentInitiator$ConnectionProviderJdbcConnectionAccess@ae5ba79] for (non-JTA) DDL execution was not in auto-commit mode; the Connection 'local transaction' will be committed and the Connection will be set into auto-commit mode.
2025-05-01 21:29:57,141 INFO o.h.e.t.j.p.i.JtaPlatformInitiator [qtp795717851-30] HHH000490: Using JtaPlatform implementation: [org.hibernate.engine.transaction.jta.platform.internal.NoJtaPlatform]
2025-05-01 22:57:13,108 INFO o.h.v.i.u.Version [com.ordermanager.Main.main()] HV000001: Hibernate Validator 6.2.0.Final
2025-05-01 23:03:42,975 INFO o.h.v.i.u.Version [com.ordermanager.Main.main()] HV000001: Hibernate Validator 6.2.0.Final
2025-05-01 23:03:49,751 INFO o.h.v.i.u.Version [com.ordermanager.Main.main()] HV000001: Hibernate Validator 6.2.0.Final
2025-05-01 23:03:53,863 INFO o.h.j.i.u.LogHelper [qtp776570711-34] HHH000204: Processing PersistenceUnitInfo [name: orderPU]
2025-05-01 23:03:53,892 INFO o.h.Version [qtp776570711-34] HHH000412: Hibernate ORM core version 5.4.33.Final
2025-05-01 23:03:54,033 INFO o.h.a.c.Version [qtp776570711-34] HCANN000001: Hibernate Commons Annotations {5.1.2.Final}
2025-05-01 23:03:54,172 WARN o.h.o.c.pooling [qtp776570711-34] HHH10001002: Using Hibernate built-in connection pool (not for production use!)
2025-05-01 23:03:54,178 INFO o.h.o.c.pooling [qtp776570711-34] HHH10001005: using driver [org.postgresql.Driver] at URL [jdbc:postgresql://localhost:5432/orderdb]
2025-05-01 23:03:54,179 INFO o.h.o.c.pooling [qtp776570711-34] HHH10001001: Connection properties: {user=postgres, password=****}
2025-05-01 23:03:54,179 INFO o.h.o.c.pooling [qtp776570711-34] HHH10001003: Autocommit mode: false
2025-05-01 23:03:54,181 INFO o.h.e.j.c.i.DriverManagerConnectionProviderImpl [qtp776570711-34] HHH000115: Hibernate connection pool size: 20 (min=1)
2025-05-01 23:03:54,267 INFO o.h.d.Dialect [qtp776570711-34] HHH000400: Using dialect: org.hibernate.dialect.PostgreSQL95Dialect
2025-05-01 23:03:54,954 INFO o.h.o.c.access [qtp776570711-34] HHH10001501: Connection obtained from JdbcConnectionAccess [org.hibernate.engine.jdbc.env.internal.JdbcEnvironmentInitiator$ConnectionProviderJdbcConnectionAccess@385e8875] for (non-JTA) DDL execution was not in auto-commit mode; the Connection 'local transaction' will be committed and the Connection will be set into auto-commit mode.
2025-05-01 23:03:55,028 INFO o.h.e.t.j.p.i.JtaPlatformInitiator [qtp776570711-34] HHH000490: Using JtaPlatform implementation: [org.hibernate.engine.transaction.jta.platform.internal.NoJtaPlatform]
2025-05-01 23:17:53,255 INFO o.h.v.i.u.Version [com.ordermanager.Main.main()] HV000001: Hibernate Validator 6.2.0.Final
2025-05-01 23:18:01,449 INFO o.h.j.i.u.LogHelper [qtp1269631854-34] HHH000204: Processing PersistenceUnitInfo [name: orderPU]
2025-05-01 23:18:01,488 INFO o.h.Version [qtp1269631854-34] HHH000412: Hibernate ORM core version 5.4.33.Final
2025-05-01 23:18:01,611 INFO o.h.a.c.Version [qtp1269631854-34] HCANN000001: Hibernate Commons Annotations {5.1.2.Final}
2025-05-01 23:18:01,745 WARN o.h.o.c.pooling [qtp1269631854-34] HHH10001002: Using Hibernate built-in connection pool (not for production use!)
2025-05-01 23:18:01,751 INFO o.h.o.c.pooling [qtp1269631854-34] HHH10001005: using driver [org.postgresql.Driver] at URL [jdbc:postgresql://localhost:5432/orderdb]
2025-05-01 23:18:01,752 INFO o.h.o.c.pooling [qtp1269631854-34] HHH10001001: Connection properties: {user=postgres, password=****}
2025-05-01 23:18:01,752 INFO o.h.o.c.pooling [qtp1269631854-34] HHH10001003: Autocommit mode: false
2025-05-01 23:18:01,754 INFO o.h.e.j.c.i.DriverManagerConnectionProviderImpl [qtp1269631854-34] HHH000115: Hibernate connection pool size: 20 (min=1)
2025-05-01 23:18:01,843 INFO o.h.d.Dialect [qtp1269631854-34] HHH000400: Using dialect: org.hibernate.dialect.PostgreSQL95Dialect
2025-05-01 23:18:02,775 INFO o.h.o.c.access [qtp1269631854-34] HHH10001501: Connection obtained from JdbcConnectionAccess [org.hibernate.engine.jdbc.env.internal.JdbcEnvironmentInitiator$ConnectionProviderJdbcConnectionAccess@a3931ef] for (non-JTA) DDL execution was not in auto-commit mode; the Connection 'local transaction' will be committed and the Connection will be set into auto-commit mode.
2025-05-01 23:18:02,855 INFO o.h.e.t.j.p.i.JtaPlatformInitiator [qtp1269631854-34] HHH000490: Using JtaPlatform implementation: [org.hibernate.engine.transaction.jta.platform.internal.NoJtaPlatform]
2025-05-01 23:22:29,751 INFO o.h.v.i.u.Version [com.ordermanager.Main.main()] HV000001: Hibernate Validator 6.2.0.Final
2025-05-01 23:22:32,945 INFO o.h.j.i.u.LogHelper [qtp795717851-30] HHH000204: Processing PersistenceUnitInfo [name: orderPU]
2025-05-01 23:22:32,977 INFO o.h.Version [qtp795717851-30] HHH000412: Hibernate ORM core version 5.4.33.Final
2025-05-01 23:22:33,089 INFO o.h.a.c.Version [qtp795717851-30] HCANN000001: Hibernate Commons Annotations {5.1.2.Final}
2025-05-01 23:22:33,196 WARN o.h.o.c.pooling [qtp795717851-30] HHH10001002: Using Hibernate built-in connection pool (not for production use!)
2025-05-01 23:22:33,200 INFO o.h.o.c.pooling [qtp795717851-30] HHH10001005: using driver [org.postgresql.Driver] at URL [jdbc:postgresql://localhost:5432/orderdb]
2025-05-01 23:22:33,201 INFO o.h.o.c.pooling [qtp795717851-30] HHH10001001: Connection properties: {user=postgres, password=****}
2025-05-01 23:22:33,201 INFO o.h.o.c.pooling [qtp795717851-30] HHH10001003: Autocommit mode: false
2025-05-01 23:22:33,202 INFO o.h.e.j.c.i.DriverManagerConnectionProviderImpl [qtp795717851-30] HHH000115: Hibernate connection pool size: 20 (min=1)
2025-05-01 23:22:33,273 INFO o.h.d.Dialect [qtp795717851-30] HHH000400: Using dialect: org.hibernate.dialect.PostgreSQL95Dialect
2025-05-01 23:22:33,975 INFO o.h.o.c.access [qtp795717851-30] HHH10001501: Connection obtained from JdbcConnectionAccess [org.hibernate.engine.jdbc.env.internal.JdbcEnvironmentInitiator$ConnectionProviderJdbcConnectionAccess@5bf0b630] for (non-JTA) DDL execution was not in auto-commit mode; the Connection 'local transaction' will be committed and the Connection will be set into auto-commit mode.
2025-05-01 23:22:34,046 INFO o.h.e.t.j.p.i.JtaPlatformInitiator [qtp795717851-30] HHH000490: Using JtaPlatform implementation: [org.hibernate.engine.transaction.jta.platform.internal.NoJtaPlatform]
2025-05-01 23:29:13,247 INFO o.h.v.i.u.Version [com.ordermanager.Main.main()] HV000001: Hibernate Validator 6.2.0.Final
2025-05-01 23:29:19,982 INFO o.h.j.i.u.LogHelper [qtp435437662-30] HHH000204: Processing PersistenceUnitInfo [name: orderPU]
2025-05-01 23:29:20,012 INFO o.h.Version [qtp435437662-30] HHH000412: Hibernate ORM core version 5.4.33.Final
2025-05-01 23:29:20,123 INFO o.h.a.c.Version [qtp435437662-30] HCANN000001: Hibernate Commons Annotations {5.1.2.Final}
2025-05-01 23:29:20,234 WARN o.h.o.c.pooling [qtp435437662-30] HHH10001002: Using Hibernate built-in connection pool (not for production use!)
2025-05-01 23:29:20,238 INFO o.h.o.c.pooling [qtp435437662-30] HHH10001005: using driver [org.postgresql.Driver] at URL [jdbc:postgresql://localhost:5432/orderdb]
2025-05-01 23:29:20,239 INFO o.h.o.c.pooling [qtp435437662-30] HHH10001001: Connection properties: {user=postgres, password=****}
2025-05-01 23:29:20,239 INFO o.h.o.c.pooling [qtp435437662-30] HHH10001003: Autocommit mode: false
2025-05-01 23:29:20,241 INFO o.h.e.j.c.i.DriverManagerConnectionProviderImpl [qtp435437662-30] HHH000115: Hibernate connection pool size: 20 (min=1)
2025-05-01 23:29:20,303 INFO o.h.d.Dialect [qtp435437662-30] HHH000400: Using dialect: org.hibernate.dialect.PostgreSQL95Dialect
2025-05-01 23:29:21,149 INFO o.h.o.c.access [qtp435437662-30] HHH10001501: Connection obtained from JdbcConnectionAccess [org.hibernate.engine.jdbc.env.internal.JdbcEnvironmentInitiator$ConnectionProviderJdbcConnectionAccess@32be40c] for (non-JTA) DDL execution was not in auto-commit mode; the Connection 'local transaction' will be committed and the Connection will be set into auto-commit mode.
2025-05-01 23:29:21,228 INFO o.h.e.t.j.p.i.JtaPlatformInitiator [qtp435437662-30] HHH000490: Using JtaPlatform implementation: [org.hibernate.engine.transaction.jta.platform.internal.NoJtaPlatform]
2025-05-01 23:31:40,990 INFO o.h.v.i.u.Version [com.ordermanager.Main.main()] HV000001: Hibernate Validator 6.2.0.Final
2025-05-01 23:31:43,405 INFO o.h.j.i.u.LogHelper [qtp1530185657-34] HHH000204: Processing PersistenceUnitInfo [name: orderPU]
2025-05-01 23:31:43,444 INFO o.h.Version [qtp1530185657-34] HHH000412: Hibernate ORM core version 5.4.33.Final
2025-05-01 23:31:43,579 INFO o.h.a.c.Version [qtp1530185657-34] HCANN000001: Hibernate Commons Annotations {5.1.2.Final}
2025-05-01 23:31:43,736 WARN o.h.o.c.pooling [qtp1530185657-34] HHH10001002: Using Hibernate built-in connection pool (not for production use!)
2025-05-01 23:31:43,742 INFO o.h.o.c.pooling [qtp1530185657-34] HHH10001005: using driver [org.postgresql.Driver] at URL [jdbc:postgresql://localhost:5432/orderdb]
2025-05-01 23:31:43,742 INFO o.h.o.c.pooling [qtp1530185657-34] HHH10001001: Connection properties: {user=postgres, password=****}
2025-05-01 23:31:43,742 INFO o.h.o.c.pooling [qtp1530185657-34] HHH10001003: Autocommit mode: false
2025-05-01 23:31:43,744 INFO o.h.e.j.c.i.DriverManagerConnectionProviderImpl [qtp1530185657-34] HHH000115: Hibernate connection pool size: 20 (min=1)
2025-05-01 23:31:43,825 INFO o.h.d.Dialect [qtp1530185657-34] HHH000400: Using dialect: org.hibernate.dialect.PostgreSQL95Dialect
2025-05-01 23:31:44,500 INFO o.h.o.c.access [qtp1530185657-34] HHH10001501: Connection obtained from JdbcConnectionAccess [org.hibernate.engine.jdbc.env.internal.JdbcEnvironmentInitiator$ConnectionProviderJdbcConnectionAccess@538ad584] for (non-JTA) DDL execution was not in auto-commit mode; the Connection 'local transaction' will be committed and the Connection will be set into auto-commit mode.
2025-05-01 23:31:44,575 INFO o.h.e.t.j.p.i.JtaPlatformInitiator [qtp1530185657-34] HHH000490: Using JtaPlatform implementation: [org.hibernate.engine.transaction.jta.platform.internal.NoJtaPlatform]
2025-05-01 23:32:21,887 INFO o.h.v.i.u.Version [com.ordermanager.Main.main()] HV000001: Hibernate Validator 6.2.0.Final
2025-05-01 23:32:24,556 INFO o.h.j.i.u.LogHelper [qtp541657978-29] HHH000204: Processing PersistenceUnitInfo [name: orderPU]
2025-05-01 23:32:24,584 INFO o.h.Version [qtp541657978-29] HHH000412: Hibernate ORM core version 5.4.33.Final
2025-05-01 23:32:24,719 INFO o.h.a.c.Version [qtp541657978-29] HCANN000001: Hibernate Commons Annotations {5.1.2.Final}
2025-05-01 23:32:24,846 WARN o.h.o.c.pooling [qtp541657978-29] HHH10001002: Using Hibernate built-in connection pool (not for production use!)
2025-05-01 23:32:24,851 INFO o.h.o.c.pooling [qtp541657978-29] HHH10001005: using driver [org.postgresql.Driver] at URL [jdbc:postgresql://localhost:5432/orderdb]
2025-05-01 23:32:24,852 INFO o.h.o.c.pooling [qtp541657978-29] HHH10001001: Connection properties: {user=postgres, password=****}
2025-05-01 23:32:24,852 INFO o.h.o.c.pooling [qtp541657978-29] HHH10001003: Autocommit mode: false
2025-05-01 23:32:24,855 INFO o.h.e.j.c.i.DriverManagerConnectionProviderImpl [qtp541657978-29] HHH000115: Hibernate connection pool size: 20 (min=1)
2025-05-01 23:32:24,934 INFO o.h.d.Dialect [qtp541657978-29] HHH000400: Using dialect: org.hibernate.dialect.PostgreSQL95Dialect
2025-05-01 23:32:25,585 INFO o.h.o.c.access [qtp541657978-29] HHH10001501: Connection obtained from JdbcConnectionAccess [org.hibernate.engine.jdbc.env.internal.JdbcEnvironmentInitiator$ConnectionProviderJdbcConnectionAccess@812d7f0] for (non-JTA) DDL execution was not in auto-commit mode; the Connection 'local transaction' will be committed and the Connection will be set into auto-commit mode.
2025-05-01 23:32:25,652 INFO o.h.e.t.j.p.i.JtaPlatformInitiator [qtp541657978-29] HHH000490: Using JtaPlatform implementation: [org.hibernate.engine.transaction.jta.platform.internal.NoJtaPlatform]
2025-05-01 23:36:39,540 INFO o.h.v.i.u.Version [com.ordermanager.Main.main()] HV000001: Hibernate Validator 6.2.0.Final
2025-05-01 23:36:59,953 INFO o.h.v.i.u.Version [com.ordermanager.Main.main()] HV000001: Hibernate Validator 6.2.0.Final
2025-05-01 23:37:02,117 INFO o.h.j.i.u.LogHelper [qtp795717851-34] HHH000204: Processing PersistenceUnitInfo [name: orderPU]
2025-05-01 23:37:02,148 INFO o.h.Version [qtp795717851-34] HHH000412: Hibernate ORM core version 5.4.33.Final
2025-05-01 23:37:02,253 INFO o.h.a.c.Version [qtp795717851-34] HCANN000001: Hibernate Commons Annotations {5.1.2.Final}
2025-05-01 23:37:02,364 WARN o.h.o.c.pooling [qtp795717851-34] HHH10001002: Using Hibernate built-in connection pool (not for production use!)
2025-05-01 23:37:02,368 INFO o.h.o.c.pooling [qtp795717851-34] HHH10001005: using driver [org.postgresql.Driver] at URL [jdbc:postgresql://localhost:5432/orderdb]
2025-05-01 23:37:02,369 INFO o.h.o.c.pooling [qtp795717851-34] HHH10001001: Connection properties: {user=postgres, password=****}
2025-05-01 23:37:02,369 INFO o.h.o.c.pooling [qtp795717851-34] HHH10001003: Autocommit mode: false
2025-05-01 23:37:02,370 INFO o.h.e.j.c.i.DriverManagerConnectionProviderImpl [qtp795717851-34] HHH000115: Hibernate connection pool size: 20 (min=1)
2025-05-01 23:37:02,435 INFO o.h.d.Dialect [qtp795717851-34] HHH000400: Using dialect: org.hibernate.dialect.PostgreSQL95Dialect
2025-05-01 23:37:03,151 INFO o.h.o.c.access [qtp795717851-34] HHH10001501: Connection obtained from JdbcConnectionAccess [org.hibernate.engine.jdbc.env.internal.JdbcEnvironmentInitiator$ConnectionProviderJdbcConnectionAccess@6b0b1c7c] for (non-JTA) DDL execution was not in auto-commit mode; the Connection 'local transaction' will be committed and the Connection will be set into auto-commit mode.
2025-05-01 23:37:03,215 INFO o.h.e.t.j.p.i.JtaPlatformInitiator [qtp795717851-34] HHH000490: Using JtaPlatform implementation: [org.hibernate.engine.transaction.jta.platform.internal.NoJtaPlatform]
2025-05-02 10:52:54,458 INFO o.h.v.i.u.Version [com.ordermanager.Main.main()] HV000001: Hibernate Validator 6.2.0.Final
2025-05-02 10:53:02,312 INFO o.h.j.i.u.LogHelper [qtp1467360460-34] HHH000204: Processing PersistenceUnitInfo [name: orderPU]
2025-05-02 10:53:02,374 INFO o.h.Version [qtp1467360460-34] HHH000412: Hibernate ORM core version 5.4.33.Final
2025-05-02 10:53:02,550 INFO o.h.a.c.Version [qtp1467360460-34] HCANN000001: Hibernate Commons Annotations {5.1.2.Final}
2025-05-02 10:53:02,716 WARN o.h.o.c.pooling [qtp1467360460-34] HHH10001002: Using Hibernate built-in connection pool (not for production use!)
2025-05-02 10:53:02,725 INFO o.h.o.c.pooling [qtp1467360460-34] HHH10001005: using driver [org.postgresql.Driver] at URL [jdbc:postgresql://localhost:5432/orderdb]
2025-05-02 10:53:02,726 INFO o.h.o.c.pooling [qtp1467360460-34] HHH10001001: Connection properties: {user=postgres, password=****}
2025-05-02 10:53:02,726 INFO o.h.o.c.pooling [qtp1467360460-34] HHH10001003: Autocommit mode: false
2025-05-02 10:53:02,728 INFO o.h.e.j.c.i.DriverManagerConnectionProviderImpl [qtp1467360460-34] HHH000115: Hibernate connection pool size: 20 (min=1)
2025-05-02 10:53:02,847 INFO o.h.d.Dialect [qtp1467360460-34] HHH000400: Using dialect: org.hibernate.dialect.PostgreSQL95Dialect
2025-05-02 10:53:03,735 INFO o.h.o.c.access [qtp1467360460-34] HHH10001501: Connection obtained from JdbcConnectionAccess [org.hibernate.engine.jdbc.env.internal.JdbcEnvironmentInitiator$ConnectionProviderJdbcConnectionAccess@38d01c13] for (non-JTA) DDL execution was not in auto-commit mode; the Connection 'local transaction' will be committed and the Connection will be set into auto-commit mode.
2025-05-02 10:53:03,815 INFO o.h.e.t.j.p.i.JtaPlatformInitiator [qtp1467360460-34] HHH000490: Using JtaPlatform implementation: [org.hibernate.engine.transaction.jta.platform.internal.NoJtaPlatform]
2025-05-02 11:09:33,858 INFO o.h.v.i.u.Version [com.ordermanager.Main.main()] HV000001: Hibernate Validator 6.2.0.Final
2025-05-02 11:36:44,205 INFO o.h.v.i.u.Version [com.ordermanager.Main.main()] HV000001: Hibernate Validator 6.2.0.Final
2025-05-02 11:36:52,281 INFO o.h.j.i.u.LogHelper [qtp795717851-25] HHH000204: Processing PersistenceUnitInfo [name: orderPU]
2025-05-02 11:36:52,344 INFO o.h.Version [qtp795717851-25] HHH000412: Hibernate ORM core version 5.4.33.Final
2025-05-02 11:36:52,614 INFO o.h.a.c.Version [qtp795717851-25] HCANN000001: Hibernate Commons Annotations {5.1.2.Final}
2025-05-02 11:36:52,908 WARN o.h.o.c.pooling [qtp795717851-25] HHH10001002: Using Hibernate built-in connection pool (not for production use!)
2025-05-02 11:36:52,920 INFO o.h.o.c.pooling [qtp795717851-25] HHH10001005: using driver [org.postgresql.Driver] at URL [jdbc:postgresql://localhost:5432/orderdb]
2025-05-02 11:36:52,920 INFO o.h.o.c.pooling [qtp795717851-25] HHH10001001: Connection properties: {user=postgres, password=****}
2025-05-02 11:36:52,921 INFO o.h.o.c.pooling [qtp795717851-25] HHH10001003: Autocommit mode: false
2025-05-02 11:36:52,928 INFO o.h.e.j.c.i.DriverManagerConnectionProviderImpl [qtp795717851-25] HHH000115: Hibernate connection pool size: 20 (min=1)
2025-05-02 11:36:53,101 INFO o.h.d.Dialect [qtp795717851-25] HHH000400: Using dialect: org.hibernate.dialect.PostgreSQL95Dialect
2025-05-02 11:36:54,274 INFO o.h.o.c.access [qtp795717851-25] HHH10001501: Connection obtained from JdbcConnectionAccess [org.hibernate.engine.jdbc.env.internal.JdbcEnvironmentInitiator$ConnectionProviderJdbcConnectionAccess@550c4cbf] for (non-JTA) DDL execution was not in auto-commit mode; the Connection 'local transaction' will be committed and the Connection will be set into auto-commit mode.
2025-05-02 11:36:54,379 INFO o.h.e.t.j.p.i.JtaPlatformInitiator [qtp795717851-25] HHH000490: Using JtaPlatform implementation: [org.hibernate.engine.transaction.jta.platform.internal.NoJtaPlatform]
2025-05-02 12:32:17,584 INFO o.h.v.i.u.Version [com.ordermanager.Main.main()] HV000001: Hibernate Validator 6.2.0.Final
2025-05-02 12:32:36,919 INFO o.h.j.i.u.LogHelper [qtp658705236-34] HHH000204: Processing PersistenceUnitInfo [name: orderPU]
2025-05-02 12:32:36,988 INFO o.h.Version [qtp658705236-34] HHH000412: Hibernate ORM core version 5.4.33.Final
2025-05-02 12:32:37,198 INFO o.h.a.c.Version [qtp658705236-34] HCANN000001: Hibernate Commons Annotations {5.1.2.Final}
2025-05-02 12:32:37,352 WARN o.h.o.c.pooling [qtp658705236-34] HHH10001002: Using Hibernate built-in connection pool (not for production use!)
2025-05-02 12:32:37,360 INFO o.h.o.c.pooling [qtp658705236-34] HHH10001005: using driver [org.postgresql.Driver] at URL [jdbc:postgresql://localhost:5432/orderdb]
2025-05-02 12:32:37,360 INFO o.h.o.c.pooling [qtp658705236-34] HHH10001001: Connection properties: {user=postgres, password=****}
2025-05-02 12:32:37,361 INFO o.h.o.c.pooling [qtp658705236-34] HHH10001003: Autocommit mode: false
2025-05-02 12:32:37,364 INFO o.h.e.j.c.i.DriverManagerConnectionProviderImpl [qtp658705236-34] HHH000115: Hibernate connection pool size: 20 (min=1)
2025-05-02 12:32:37,496 INFO o.h.d.Dialect [qtp658705236-34] HHH000400: Using dialect: org.hibernate.dialect.PostgreSQL95Dialect
2025-05-02 12:32:38,470 INFO o.h.o.c.access [qtp658705236-34] HHH10001501: Connection obtained from JdbcConnectionAccess [org.hibernate.engine.jdbc.env.internal.JdbcEnvironmentInitiator$ConnectionProviderJdbcConnectionAccess@23a1a091] for (non-JTA) DDL execution was not in auto-commit mode; the Connection 'local transaction' will be committed and the Connection will be set into auto-commit mode.
2025-05-02 12:32:38,553 INFO o.h.e.t.j.p.i.JtaPlatformInitiator [qtp658705236-34] HHH000490: Using JtaPlatform implementation: [org.hibernate.engine.transaction.jta.platform.internal.NoJtaPlatform]
2025-05-02 12:36:19,184 INFO o.h.v.i.u.Version [com.ordermanager.Main.main()] HV000001: Hibernate Validator 6.2.0.Final
2025-05-02 12:36:45,105 INFO o.h.v.i.u.Version [com.ordermanager.Main.main()] HV000001: Hibernate Validator 6.2.0.Final
2025-05-02 12:36:48,747 INFO o.h.j.i.u.LogHelper [qtp1341193675-34] HHH000204: Processing PersistenceUnitInfo [name: orderPU]
2025-05-02 12:36:48,783 INFO o.h.Version [qtp1341193675-34] HHH000412: Hibernate ORM core version 5.4.33.Final
2025-05-02 12:36:48,911 INFO o.h.a.c.Version [qtp1341193675-34] HCANN000001: Hibernate Commons Annotations {5.1.2.Final}
2025-05-02 12:36:49,035 WARN o.h.o.c.pooling [qtp1341193675-34] HHH10001002: Using Hibernate built-in connection pool (not for production use!)
2025-05-02 12:36:49,042 INFO o.h.o.c.pooling [qtp1341193675-34] HHH10001005: using driver [org.postgresql.Driver] at URL [jdbc:postgresql://localhost:5432/orderdb]
2025-05-02 12:36:49,043 INFO o.h.o.c.pooling [qtp1341193675-34] HHH10001001: Connection properties: {user=postgres, password=****}
2025-05-02 12:36:49,043 INFO o.h.o.c.pooling [qtp1341193675-34] HHH10001003: Autocommit mode: false
2025-05-02 12:36:49,045 INFO o.h.e.j.c.i.DriverManagerConnectionProviderImpl [qtp1341193675-34] HHH000115: Hibernate connection pool size: 20 (min=1)
2025-05-02 12:36:49,124 INFO o.h.d.Dialect [qtp1341193675-34] HHH000400: Using dialect: org.hibernate.dialect.PostgreSQL95Dialect
2025-05-02 12:36:49,956 INFO o.h.o.c.access [qtp1341193675-34] HHH10001501: Connection obtained from JdbcConnectionAccess [org.hibernate.engine.jdbc.env.internal.JdbcEnvironmentInitiator$ConnectionProviderJdbcConnectionAccess@65d828aa] for (non-JTA) DDL execution was not in auto-commit mode; the Connection 'local transaction' will be committed and the Connection will be set into auto-commit mode.
2025-05-02 12:36:50,048 INFO o.h.e.t.j.p.i.JtaPlatformInitiator [qtp1341193675-34] HHH000490: Using JtaPlatform implementation: [org.hibernate.engine.transaction.jta.platform.internal.NoJtaPlatform]
2025-05-02 12:40:00,538 INFO o.h.v.i.u.Version [main] HV000001: Hibernate Validator 6.2.0.Final
2025-05-02 12:40:12,539 INFO o.h.v.i.u.Version [main] HV000001: Hibernate Validator 6.2.0.Final
2025-05-02 12:40:18,798 INFO o.h.j.i.u.LogHelper [qtp1940447180-23] HHH000204: Processing PersistenceUnitInfo [name: orderPU]
2025-05-02 12:40:18,831 INFO o.h.Version [qtp1940447180-23] HHH000412: Hibernate ORM core version 5.4.33.Final
2025-05-02 12:40:18,957 INFO o.h.a.c.Version [qtp1940447180-23] HCANN000001: Hibernate Commons Annotations {5.1.2.Final}
2025-05-02 12:40:19,127 WARN o.h.o.c.pooling [qtp1940447180-23] HHH10001002: Using Hibernate built-in connection pool (not for production use!)
2025-05-02 12:40:19,132 INFO o.h.o.c.pooling [qtp1940447180-23] HHH10001005: using driver [org.postgresql.Driver] at URL [jdbc:postgresql://localhost:5432/orderdb]
2025-05-02 12:40:19,133 INFO o.h.o.c.pooling [qtp1940447180-23] HHH10001001: Connection properties: {user=postgres, password=****}
2025-05-02 12:40:19,133 INFO o.h.o.c.pooling [qtp1940447180-23] HHH10001003: Autocommit mode: false
2025-05-02 12:40:19,134 INFO o.h.e.j.c.i.DriverManagerConnectionProviderImpl [qtp1940447180-23] HHH000115: Hibernate connection pool size: 20 (min=1)
2025-05-02 12:40:19,205 INFO o.h.d.Dialect [qtp1940447180-23] HHH000400: Using dialect: org.hibernate.dialect.PostgreSQL95Dialect
2025-05-02 12:40:19,989 INFO o.h.o.c.access [qtp1940447180-23] HHH10001501: Connection obtained from JdbcConnectionAccess [org.hibernate.engine.jdbc.env.internal.JdbcEnvironmentInitiator$ConnectionProviderJdbcConnectionAccess@28c01b28] for (non-JTA) DDL execution was not in auto-commit mode; the Connection 'local transaction' will be committed and the Connection will be set into auto-commit mode.
2025-05-02 12:40:20,063 INFO o.h.e.t.j.p.i.JtaPlatformInitiator [qtp1940447180-23] HHH000490: Using JtaPlatform implementation: [org.hibernate.engine.transaction.jta.platform.internal.NoJtaPlatform]
2025-05-02 12:42:45,783 INFO o.h.v.i.u.Version [com.ordermanager.Main.main()] HV000001: Hibernate Validator 6.2.0.Final
2025-05-02 12:42:56,612 INFO o.h.v.i.u.Version [main] HV000001: Hibernate Validator 6.2.0.Final
2025-05-02 12:43:00,061 INFO o.h.j.i.u.LogHelper [qtp1940447180-23] HHH000204: Processing PersistenceUnitInfo [name: orderPU]
2025-05-02 12:43:00,095 INFO o.h.Version [qtp1940447180-23] HHH000412: Hibernate ORM core version 5.4.33.Final
2025-05-02 12:43:00,227 INFO o.h.a.c.Version [qtp1940447180-23] HCANN000001: Hibernate Commons Annotations {5.1.2.Final}
2025-05-02 12:43:00,385 WARN o.h.o.c.pooling [qtp1940447180-23] HHH10001002: Using Hibernate built-in connection pool (not for production use!)
2025-05-02 12:43:00,388 INFO o.h.o.c.pooling [qtp1940447180-23] HHH10001005: using driver [org.postgresql.Driver] at URL [jdbc:postgresql://localhost:5432/orderdb]
2025-05-02 12:43:00,390 INFO o.h.o.c.pooling [qtp1940447180-23] HHH10001001: Connection properties: {user=postgres, password=****}
2025-05-02 12:43:00,390 INFO o.h.o.c.pooling [qtp1940447180-23] HHH10001003: Autocommit mode: false
2025-05-02 12:43:00,392 INFO o.h.e.j.c.i.DriverManagerConnectionProviderImpl [qtp1940447180-23] HHH000115: Hibernate connection pool size: 20 (min=1)
2025-05-02 12:43:00,459 INFO o.h.d.Dialect [qtp1940447180-23] HHH000400: Using dialect: org.hibernate.dialect.PostgreSQL95Dialect
2025-05-02 12:43:01,140 INFO o.h.o.c.access [qtp1940447180-23] HHH10001501: Connection obtained from JdbcConnectionAccess [org.hibernate.engine.jdbc.env.internal.JdbcEnvironmentInitiator$ConnectionProviderJdbcConnectionAccess@6fa7e93] for (non-JTA) DDL execution was not in auto-commit mode; the Connection 'local transaction' will be committed and the Connection will be set into auto-commit mode.
2025-05-02 12:43:01,207 INFO o.h.e.t.j.p.i.JtaPlatformInitiator [qtp1940447180-23] HHH000490: Using JtaPlatform implementation: [org.hibernate.engine.transaction.jta.platform.internal.NoJtaPlatform]
2025-05-02 12:43:39,307 INFO o.h.v.i.u.Version [main] HV000001: Hibernate Validator 6.2.0.Final
2025-05-02 12:43:43,647 INFO o.h.j.i.u.LogHelper [qtp1940447180-18] HHH000204: Processing PersistenceUnitInfo [name: orderPU]
2025-05-02 12:43:43,688 INFO o.h.Version [qtp1940447180-18] HHH000412: Hibernate ORM core version 5.4.33.Final
2025-05-02 12:43:43,823 INFO o.h.a.c.Version [qtp1940447180-18] HCANN000001: Hibernate Commons Annotations {5.1.2.Final}
2025-05-02 12:43:43,973 WARN o.h.o.c.pooling [qtp1940447180-18] HHH10001002: Using Hibernate built-in connection pool (not for production use!)
2025-05-02 12:43:43,977 INFO o.h.o.c.pooling [qtp1940447180-18] HHH10001005: using driver [org.postgresql.Driver] at URL [jdbc:postgresql://localhost:5432/orderdb]
2025-05-02 12:43:43,977 INFO o.h.o.c.pooling [qtp1940447180-18] HHH10001001: Connection properties: {user=postgres, password=****}
2025-05-02 12:43:43,977 INFO o.h.o.c.pooling [qtp1940447180-18] HHH10001003: Autocommit mode: false
2025-05-02 12:43:43,980 INFO o.h.e.j.c.i.DriverManagerConnectionProviderImpl [qtp1940447180-18] HHH000115: Hibernate connection pool size: 20 (min=1)
2025-05-02 12:43:44,062 INFO o.h.d.Dialect [qtp1940447180-18] HHH000400: Using dialect: org.hibernate.dialect.PostgreSQL95Dialect
2025-05-02 12:43:44,706 INFO o.h.o.c.access [qtp1940447180-18] HHH10001501: Connection obtained from JdbcConnectionAccess [org.hibernate.engine.jdbc.env.internal.JdbcEnvironmentInitiator$ConnectionProviderJdbcConnectionAccess@4b34bbc1] for (non-JTA) DDL execution was not in auto-commit mode; the Connection 'local transaction' will be committed and the Connection will be set into auto-commit mode.
2025-05-02 12:43:44,777 INFO o.h.e.t.j.p.i.JtaPlatformInitiator [qtp1940447180-18] HHH000490: Using JtaPlatform implementation: [org.hibernate.engine.transaction.jta.platform.internal.NoJtaPlatform]
2025-05-02 12:50:34,915 INFO o.h.v.i.u.Version [main] HV000001: Hibernate Validator 6.2.0.Final
2025-05-02 12:50:42,942 INFO o.h.j.i.u.LogHelper [qtp1940447180-18] HHH000204: Processing PersistenceUnitInfo [name: orderPU]
2025-05-02 12:50:42,979 INFO o.h.Version [qtp1940447180-18] HHH000412: Hibernate ORM core version 5.4.33.Final
2025-05-02 12:50:43,127 INFO o.h.a.c.Version [qtp1940447180-18] HCANN000001: Hibernate Commons Annotations {5.1.2.Final}
2025-05-02 12:50:43,276 WARN o.h.o.c.pooling [qtp1940447180-18] HHH10001002: Using Hibernate built-in connection pool (not for production use!)
2025-05-02 12:50:43,280 INFO o.h.o.c.pooling [qtp1940447180-18] HHH10001005: using driver [org.postgresql.Driver] at URL [jdbc:postgresql://localhost:5432/orderdb]
2025-05-02 12:50:43,280 INFO o.h.o.c.pooling [qtp1940447180-18] HHH10001001: Connection properties: {user=postgres, password=****}
2025-05-02 12:50:43,281 INFO o.h.o.c.pooling [qtp1940447180-18] HHH10001003: Autocommit mode: false
2025-05-02 12:50:43,282 INFO o.h.e.j.c.i.DriverManagerConnectionProviderImpl [qtp1940447180-18] HHH000115: Hibernate connection pool size: 20 (min=1)
2025-05-02 12:50:43,367 INFO o.h.d.Dialect [qtp1940447180-18] HHH000400: Using dialect: org.hibernate.dialect.PostgreSQL95Dialect
2025-05-02 12:50:44,014 INFO o.h.o.c.access [qtp1940447180-18] HHH10001501: Connection obtained from JdbcConnectionAccess [org.hibernate.engine.jdbc.env.internal.JdbcEnvironmentInitiator$ConnectionProviderJdbcConnectionAccess@6bc04f1f] for (non-JTA) DDL execution was not in auto-commit mode; the Connection 'local transaction' will be committed and the Connection will be set into auto-commit mode.
2025-05-02 12:50:44,089 INFO o.h.e.t.j.p.i.JtaPlatformInitiator [qtp1940447180-18] HHH000490: Using JtaPlatform implementation: [org.hibernate.engine.transaction.jta.platform.internal.NoJtaPlatform]
2025-05-02 12:52:58,097 INFO o.h.v.i.u.Version [main] HV000001: Hibernate Validator 6.2.0.Final
2025-05-02 12:53:04,999 INFO o.h.j.i.u.LogHelper [qtp245565335-25] HHH000204: Processing PersistenceUnitInfo [name: orderPU]
2025-05-02 12:53:05,044 INFO o.h.Version [qtp245565335-25] HHH000412: Hibernate ORM core version 5.4.33.Final
2025-05-02 12:53:05,212 INFO o.h.a.c.Version [qtp245565335-25] HCANN000001: Hibernate Commons Annotations {5.1.2.Final}
2025-05-02 12:53:05,420 WARN o.h.o.c.pooling [qtp245565335-25] HHH10001002: Using Hibernate built-in connection pool (not for production use!)
2025-05-02 12:53:05,425 INFO o.h.o.c.pooling [qtp245565335-25] HHH10001005: using driver [org.postgresql.Driver] at URL [jdbc:postgresql://localhost:5432/orderdb]
2025-05-02 12:53:05,425 INFO o.h.o.c.pooling [qtp245565335-25] HHH10001001: Connection properties: {user=postgres, password=****}
2025-05-02 12:53:05,425 INFO o.h.o.c.pooling [qtp245565335-25] HHH10001003: Autocommit mode: false
2025-05-02 12:53:05,428 INFO o.h.e.j.c.i.DriverManagerConnectionProviderImpl [qtp245565335-25] HHH000115: Hibernate connection pool size: 20 (min=1)
2025-05-02 12:53:05,517 INFO o.h.d.Dialect [qtp245565335-25] HHH000400: Using dialect: org.hibernate.dialect.PostgreSQL95Dialect
2025-05-02 12:53:06,292 INFO o.h.o.c.access [qtp245565335-25] HHH10001501: Connection obtained from JdbcConnectionAccess [org.hibernate.engine.jdbc.env.internal.JdbcEnvironmentInitiator$ConnectionProviderJdbcConnectionAccess@6f65dc26] for (non-JTA) DDL execution was not in auto-commit mode; the Connection 'local transaction' will be committed and the Connection will be set into auto-commit mode.
2025-05-02 12:53:06,363 INFO o.h.e.t.j.p.i.JtaPlatformInitiator [qtp245565335-25] HHH000490: Using JtaPlatform implementation: [org.hibernate.engine.transaction.jta.platform.internal.NoJtaPlatform]
2025-05-02 12:53:48,513 INFO o.h.v.i.u.Version [main] HV000001: Hibernate Validator 6.2.0.Final
2025-05-02 12:53:51,324 INFO o.h.j.i.u.LogHelper [qtp245565335-21] HHH000204: Processing PersistenceUnitInfo [name: orderPU]
2025-05-02 12:53:51,368 INFO o.h.Version [qtp245565335-21] HHH000412: Hibernate ORM core version 5.4.33.Final
2025-05-02 12:53:51,525 INFO o.h.a.c.Version [qtp245565335-21] HCANN000001: Hibernate Commons Annotations {5.1.2.Final}
2025-05-02 12:53:51,755 WARN o.h.o.c.pooling [qtp245565335-21] HHH10001002: Using Hibernate built-in connection pool (not for production use!)
2025-05-02 12:53:51,760 INFO o.h.o.c.pooling [qtp245565335-21] HHH10001005: using driver [org.postgresql.Driver] at URL [jdbc:postgresql://localhost:5432/orderdb]
2025-05-02 12:53:51,760 INFO o.h.o.c.pooling [qtp245565335-21] HHH10001001: Connection properties: {user=postgres, password=****}
2025-05-02 12:53:51,760 INFO o.h.o.c.pooling [qtp245565335-21] HHH10001003: Autocommit mode: false
2025-05-02 12:53:51,763 INFO o.h.e.j.c.i.DriverManagerConnectionProviderImpl [qtp245565335-21] HHH000115: Hibernate connection pool size: 20 (min=1)
2025-05-02 12:53:51,850 INFO o.h.d.Dialect [qtp245565335-21] HHH000400: Using dialect: org.hibernate.dialect.PostgreSQL95Dialect
2025-05-02 12:53:52,597 INFO o.h.o.c.access [qtp245565335-21] HHH10001501: Connection obtained from JdbcConnectionAccess [org.hibernate.engine.jdbc.env.internal.JdbcEnvironmentInitiator$ConnectionProviderJdbcConnectionAccess@21fc2f5a] for (non-JTA) DDL execution was not in auto-commit mode; the Connection 'local transaction' will be committed and the Connection will be set into auto-commit mode.
2025-05-02 12:53:52,669 INFO o.h.e.t.j.p.i.JtaPlatformInitiator [qtp245565335-21] HHH000490: Using JtaPlatform implementation: [org.hibernate.engine.transaction.jta.platform.internal.NoJtaPlatform]
2025-05-02 12:56:33,746 INFO o.h.v.i.u.Version [main] HV000001: Hibernate Validator 6.2.0.Final
2025-05-02 12:56:36,083 INFO o.h.j.i.u.LogHelper [qtp245565335-21] HHH000204: Processing PersistenceUnitInfo [name: orderPU]
2025-05-02 12:56:36,132 INFO o.h.Version [qtp245565335-21] HHH000412: Hibernate ORM core version 5.4.33.Final
2025-05-02 12:56:36,311 INFO o.h.a.c.Version [qtp245565335-21] HCANN000001: Hibernate Commons Annotations {5.1.2.Final}
2025-05-02 12:56:36,524 WARN o.h.o.c.pooling [qtp245565335-21] HHH10001002: Using Hibernate built-in connection pool (not for production use!)
2025-05-02 12:56:36,530 INFO o.h.o.c.pooling [qtp245565335-21] HHH10001005: using driver [org.postgresql.Driver] at URL [jdbc:postgresql://localhost:5432/orderdb]
2025-05-02 12:56:36,530 INFO o.h.o.c.pooling [qtp245565335-21] HHH10001001: Connection properties: {user=postgres, password=****}
2025-05-02 12:56:36,530 INFO o.h.o.c.pooling [qtp245565335-21] HHH10001003: Autocommit mode: false
2025-05-02 12:56:36,533 INFO o.h.e.j.c.i.DriverManagerConnectionProviderImpl [qtp245565335-21] HHH000115: Hibernate connection pool size: 20 (min=1)
2025-05-02 12:56:36,626 INFO o.h.d.Dialect [qtp245565335-21] HHH000400: Using dialect: org.hibernate.dialect.PostgreSQL95Dialect
2025-05-02 12:56:37,417 INFO o.h.o.c.access [qtp245565335-21] HHH10001501: Connection obtained from JdbcConnectionAccess [org.hibernate.engine.jdbc.env.internal.JdbcEnvironmentInitiator$ConnectionProviderJdbcConnectionAccess@3c48dabb] for (non-JTA) DDL execution was not in auto-commit mode; the Connection 'local transaction' will be committed and the Connection will be set into auto-commit mode.
2025-05-02 12:56:37,486 INFO o.h.e.t.j.p.i.JtaPlatformInitiator [qtp245565335-21] HHH000490: Using JtaPlatform implementation: [org.hibernate.engine.transaction.jta.platform.internal.NoJtaPlatform]
2025-05-02 12:58:24,049 INFO o.h.v.i.u.Version [com.ordermanager.Main.main()] HV000001: Hibernate Validator 6.2.0.Final
2025-05-02 12:58:26,693 INFO o.h.j.i.u.LogHelper [qtp658705236-34] HHH000204: Processing PersistenceUnitInfo [name: orderPU]
2025-05-02 12:58:26,724 INFO o.h.Version [qtp658705236-34] HHH000412: Hibernate ORM core version 5.4.33.Final
2025-05-02 12:58:26,863 INFO o.h.a.c.Version [qtp658705236-34] HCANN000001: Hibernate Commons Annotations {5.1.2.Final}
2025-05-02 12:58:27,012 WARN o.h.o.c.pooling [qtp658705236-34] HHH10001002: Using Hibernate built-in connection pool (not for production use!)
2025-05-02 12:58:27,017 INFO o.h.o.c.pooling [qtp658705236-34] HHH10001005: using driver [org.postgresql.Driver] at URL [jdbc:postgresql://localhost:5432/orderdb]
2025-05-02 12:58:27,017 INFO o.h.o.c.pooling [qtp658705236-34] HHH10001001: Connection properties: {user=postgres, password=****}
2025-05-02 12:58:27,018 INFO o.h.o.c.pooling [qtp658705236-34] HHH10001003: Autocommit mode: false
2025-05-02 12:58:27,021 INFO o.h.e.j.c.i.DriverManagerConnectionProviderImpl [qtp658705236-34] HHH000115: Hibernate connection pool size: 20 (min=1)
2025-05-02 12:58:27,104 INFO o.h.d.Dialect [qtp658705236-34] HHH000400: Using dialect: org.hibernate.dialect.PostgreSQL95Dialect
2025-05-02 12:58:27,830 INFO o.h.o.c.access [qtp658705236-34] HHH10001501: Connection obtained from JdbcConnectionAccess [org.hibernate.engine.jdbc.env.internal.JdbcEnvironmentInitiator$ConnectionProviderJdbcConnectionAccess@6d50b894] for (non-JTA) DDL execution was not in auto-commit mode; the Connection 'local transaction' will be committed and the Connection will be set into auto-commit mode.
2025-05-02 12:58:27,904 INFO o.h.e.t.j.p.i.JtaPlatformInitiator [qtp658705236-34] HHH000490: Using JtaPlatform implementation: [org.hibernate.engine.transaction.jta.platform.internal.NoJtaPlatform]
2025-05-02 13:31:09,826 INFO o.h.v.i.u.Version [com.ordermanager.Main.main()] HV000001: Hibernate Validator 6.2.0.Final
2025-05-02 13:31:53,007 INFO o.h.j.i.u.LogHelper [qtp1666814517-30] HHH000204: Processing PersistenceUnitInfo [name: orderPU]
2025-05-02 13:31:53,041 INFO o.h.Version [qtp1666814517-30] HHH000412: Hibernate ORM core version 5.4.33.Final
2025-05-02 13:31:53,181 INFO o.h.a.c.Version [qtp1666814517-30] HCANN000001: Hibernate Commons Annotations {5.1.2.Final}
2025-05-02 13:31:53,321 WARN o.h.o.c.pooling [qtp1666814517-30] HHH10001002: Using Hibernate built-in connection pool (not for production use!)
2025-05-02 13:31:53,330 INFO o.h.o.c.pooling [qtp1666814517-30] HHH10001005: using driver [org.postgresql.Driver] at URL [jdbc:postgresql://localhost:5432/orderdb]
2025-05-02 13:31:53,330 INFO o.h.o.c.pooling [qtp1666814517-30] HHH10001001: Connection properties: {user=postgres, password=****}
2025-05-02 13:31:53,330 INFO o.h.o.c.pooling [qtp1666814517-30] HHH10001003: Autocommit mode: false
2025-05-02 13:31:53,332 INFO o.h.e.j.c.i.DriverManagerConnectionProviderImpl [qtp1666814517-30] HHH000115: Hibernate connection pool size: 20 (min=1)
2025-05-02 13:31:53,412 INFO o.h.d.Dialect [qtp1666814517-30] HHH000400: Using dialect: org.hibernate.dialect.PostgreSQL95Dialect
2025-05-02 13:31:54,096 INFO o.h.o.c.access [qtp1666814517-30] HHH10001501: Connection obtained from JdbcConnectionAccess [org.hibernate.engine.jdbc.env.internal.JdbcEnvironmentInitiator$ConnectionProviderJdbcConnectionAccess@4f095d92] for (non-JTA) DDL execution was not in auto-commit mode; the Connection 'local transaction' will be committed and the Connection will be set into auto-commit mode.
2025-05-02 13:31:54,161 INFO o.h.e.t.j.p.i.JtaPlatformInitiator [qtp1666814517-30] HHH000490: Using JtaPlatform implementation: [org.hibernate.engine.transaction.jta.platform.internal.NoJtaPlatform]
2025-05-02 13:40:12,162 INFO o.h.v.i.u.Version [com.ordermanager.Main.main()] HV000001: Hibernate Validator 6.2.0.Final
2025-05-02 13:40:16,074 INFO o.h.j.i.u.LogHelper [qtp2034774873-31] HHH000204: Processing PersistenceUnitInfo [name: orderPU]
2025-05-02 13:40:16,107 INFO o.h.Version [qtp2034774873-31] HHH000412: Hibernate ORM core version 5.4.33.Final
2025-05-02 13:40:16,235 INFO o.h.a.c.Version [qtp2034774873-31] HCANN000001: Hibernate Commons Annotations {5.1.2.Final}
2025-05-02 13:40:16,368 WARN o.h.o.c.pooling [qtp2034774873-31] HHH10001002: Using Hibernate built-in connection pool (not for production use!)
2025-05-02 13:40:16,376 INFO o.h.o.c.pooling [qtp2034774873-31] HHH10001005: using driver [org.postgresql.Driver] at URL [jdbc:postgresql://localhost:5432/orderdb]
2025-05-02 13:40:16,376 INFO o.h.o.c.pooling [qtp2034774873-31] HHH10001001: Connection properties: {user=postgres, password=****}
2025-05-02 13:40:16,377 INFO o.h.o.c.pooling [qtp2034774873-31] HHH10001003: Autocommit mode: false
2025-05-02 13:40:16,379 INFO o.h.e.j.c.i.DriverManagerConnectionProviderImpl [qtp2034774873-31] HHH000115: Hibernate connection pool size: 20 (min=1)
2025-05-02 13:40:16,454 INFO o.h.d.Dialect [qtp2034774873-31] HHH000400: Using dialect: org.hibernate.dialect.PostgreSQL95Dialect
2025-05-02 13:40:17,128 INFO o.h.o.c.access [qtp2034774873-31] HHH10001501: Connection obtained from JdbcConnectionAccess [org.hibernate.engine.jdbc.env.internal.JdbcEnvironmentInitiator$ConnectionProviderJdbcConnectionAccess@306fc576] for (non-JTA) DDL execution was not in auto-commit mode; the Connection 'local transaction' will be committed and the Connection will be set into auto-commit mode.
2025-05-02 13:40:17,197 INFO o.h.e.t.j.p.i.JtaPlatformInitiator [qtp2034774873-31] HHH000490: Using JtaPlatform implementation: [org.hibernate.engine.transaction.jta.platform.internal.NoJtaPlatform]
2025-05-02 13:40:40,487 INFO o.h.v.i.u.Version [main] HV000001: Hibernate Validator 6.2.0.Final
2025-05-02 13:40:50,987 INFO o.h.v.i.u.Version [main] HV000001: Hibernate Validator 6.2.0.Final
2025-05-02 13:40:53,080 INFO o.h.j.i.u.LogHelper [qtp245565335-16] HHH000204: Processing PersistenceUnitInfo [name: orderPU]
2025-05-02 13:40:53,117 INFO o.h.Version [qtp245565335-16] HHH000412: Hibernate ORM core version 5.4.33.Final
2025-05-02 13:40:53,261 INFO o.h.a.c.Version [qtp245565335-16] HCANN000001: Hibernate Commons Annotations {5.1.2.Final}
2025-05-02 13:40:53,456 WARN o.h.o.c.pooling [qtp245565335-16] HHH10001002: Using Hibernate built-in connection pool (not for production use!)
2025-05-02 13:40:53,461 INFO o.h.o.c.pooling [qtp245565335-16] HHH10001005: using driver [org.postgresql.Driver] at URL [jdbc:postgresql://localhost:5432/orderdb]
2025-05-02 13:40:53,461 INFO o.h.o.c.pooling [qtp245565335-16] HHH10001001: Connection properties: {user=postgres, password=****}
2025-05-02 13:40:53,461 INFO o.h.o.c.pooling [qtp245565335-16] HHH10001003: Autocommit mode: false
2025-05-02 13:40:53,464 INFO o.h.e.j.c.i.DriverManagerConnectionProviderImpl [qtp245565335-16] HHH000115: Hibernate connection pool size: 20 (min=1)
2025-05-02 13:40:53,544 INFO o.h.d.Dialect [qtp245565335-16] HHH000400: Using dialect: org.hibernate.dialect.PostgreSQL95Dialect
2025-05-02 13:40:54,232 INFO o.h.o.c.access [qtp245565335-16] HHH10001501: Connection obtained from JdbcConnectionAccess [org.hibernate.engine.jdbc.env.internal.JdbcEnvironmentInitiator$ConnectionProviderJdbcConnectionAccess@15710ab] for (non-JTA) DDL execution was not in auto-commit mode; the Connection 'local transaction' will be committed and the Connection will be set into auto-commit mode.
2025-05-02 13:40:54,300 INFO o.h.e.t.j.p.i.JtaPlatformInitiator [qtp245565335-16] HHH000490: Using JtaPlatform implementation: [org.hibernate.engine.transaction.jta.platform.internal.NoJtaPlatform]
2025-05-02 13:42:38,654 INFO o.h.v.i.u.Version [com.ordermanager.Main.main()] HV000001: Hibernate Validator 6.2.0.Final
2025-05-02 13:42:41,444 INFO o.h.j.i.u.LogHelper [qtp1269631854-34] HHH000204: Processing PersistenceUnitInfo [name: orderPU]
2025-05-02 13:42:41,474 INFO o.h.Version [qtp1269631854-34] HHH000412: Hibernate ORM core version 5.4.33.Final
2025-05-02 13:42:41,577 INFO o.h.a.c.Version [qtp1269631854-34] HCANN000001: Hibernate Commons Annotations {5.1.2.Final}
2025-05-02 13:42:41,681 WARN o.h.o.c.pooling [qtp1269631854-34] HHH10001002: Using Hibernate built-in connection pool (not for production use!)
2025-05-02 13:42:41,685 INFO o.h.o.c.pooling [qtp1269631854-34] HHH10001005: using driver [org.postgresql.Driver] at URL [jdbc:postgresql://localhost:5432/orderdb]
2025-05-02 13:42:41,686 INFO o.h.o.c.pooling [qtp1269631854-34] HHH10001001: Connection properties: {user=postgres, password=****}
2025-05-02 13:42:41,686 INFO o.h.o.c.pooling [qtp1269631854-34] HHH10001003: Autocommit mode: false
2025-05-02 13:42:41,688 INFO o.h.e.j.c.i.DriverManagerConnectionProviderImpl [qtp1269631854-34] HHH000115: Hibernate connection pool size: 20 (min=1)
2025-05-02 13:42:41,751 INFO o.h.d.Dialect [qtp1269631854-34] HHH000400: Using dialect: org.hibernate.dialect.PostgreSQL95Dialect
2025-05-02 13:42:42,449 INFO o.h.o.c.access [qtp1269631854-34] HHH10001501: Connection obtained from JdbcConnectionAccess [org.hibernate.engine.jdbc.env.internal.JdbcEnvironmentInitiator$ConnectionProviderJdbcConnectionAccess@27a22d81] for (non-JTA) DDL execution was not in auto-commit mode; the Connection 'local transaction' will be committed and the Connection will be set into auto-commit mode.
2025-05-02 13:42:42,512 INFO o.h.e.t.j.p.i.JtaPlatformInitiator [qtp1269631854-34] HHH000490: Using JtaPlatform implementation: [org.hibernate.engine.transaction.jta.platform.internal.NoJtaPlatform]
2025-05-02 13:50:42,732 INFO o.h.v.i.u.Version [com.ordermanager.Main.main()] HV000001: Hibernate Validator 6.2.0.Final
2025-05-02 13:51:01,954 INFO o.h.v.i.u.Version [com.ordermanager.Main.main()] HV000001: Hibernate Validator 6.2.0.Final
2025-05-02 13:51:05,977 INFO o.h.j.i.u.LogHelper [qtp447665637-34] HHH000204: Processing PersistenceUnitInfo [name: orderPU]
2025-05-02 13:51:06,009 INFO o.h.Version [qtp447665637-34] HHH000412: Hibernate ORM core version 5.4.33.Final
2025-05-02 13:51:06,116 INFO o.h.a.c.Version [qtp447665637-34] HCANN000001: Hibernate Commons Annotations {5.1.2.Final}
2025-05-02 13:51:06,225 WARN o.h.o.c.pooling [qtp447665637-34] HHH10001002: Using Hibernate built-in connection pool (not for production use!)
2025-05-02 13:51:06,230 INFO o.h.o.c.pooling [qtp447665637-34] HHH10001005: using driver [org.postgresql.Driver] at URL [jdbc:postgresql://localhost:5432/orderdb]
2025-05-02 13:51:06,231 INFO o.h.o.c.pooling [qtp447665637-34] HHH10001001: Connection properties: {user=postgres, password=****}
2025-05-02 13:51:06,231 INFO o.h.o.c.pooling [qtp447665637-34] HHH10001003: Autocommit mode: false
2025-05-02 13:51:06,232 INFO o.h.e.j.c.i.DriverManagerConnectionProviderImpl [qtp447665637-34] HHH000115: Hibernate connection pool size: 20 (min=1)
2025-05-02 13:51:06,309 INFO o.h.d.Dialect [qtp447665637-34] HHH000400: Using dialect: org.hibernate.dialect.PostgreSQL95Dialect
2025-05-02 13:51:07,026 INFO o.h.o.c.access [qtp447665637-34] HHH10001501: Connection obtained from JdbcConnectionAccess [org.hibernate.engine.jdbc.env.internal.JdbcEnvironmentInitiator$ConnectionProviderJdbcConnectionAccess@371543ee] for (non-JTA) DDL execution was not in auto-commit mode; the Connection 'local transaction' will be committed and the Connection will be set into auto-commit mode.
2025-05-02 13:51:07,090 INFO o.h.e.t.j.p.i.JtaPlatformInitiator [qtp447665637-34] HHH000490: Using JtaPlatform implementation: [org.hibernate.engine.transaction.jta.platform.internal.NoJtaPlatform]
2025-05-02 13:53:30,841 INFO o.h.v.i.u.Version [com.ordermanager.Main.main()] HV000001: Hibernate Validator 6.2.0.Final
2025-05-02 13:53:31,404 INFO o.h.j.i.u.LogHelper [qtp1408576554-29] HHH000204: Processing PersistenceUnitInfo [name: orderPU]
2025-05-02 13:53:31,433 INFO o.h.Version [qtp1408576554-29] HHH000412: Hibernate ORM core version 5.4.33.Final
2025-05-02 13:53:31,563 INFO o.h.a.c.Version [qtp1408576554-29] HCANN000001: Hibernate Commons Annotations {5.1.2.Final}
2025-05-02 13:53:31,698 WARN o.h.o.c.pooling [qtp1408576554-29] HHH10001002: Using Hibernate built-in connection pool (not for production use!)
2025-05-02 13:53:31,705 INFO o.h.o.c.pooling [qtp1408576554-29] HHH10001005: using driver [org.postgresql.Driver] at URL [jdbc:postgresql://localhost:5432/orderdb]
2025-05-02 13:53:31,705 INFO o.h.o.c.pooling [qtp1408576554-29] HHH10001001: Connection properties: {user=postgres, password=****}
2025-05-02 13:53:31,705 INFO o.h.o.c.pooling [qtp1408576554-29] HHH10001003: Autocommit mode: false
2025-05-02 13:53:31,708 INFO o.h.e.j.c.i.DriverManagerConnectionProviderImpl [qtp1408576554-29] HHH000115: Hibernate connection pool size: 20 (min=1)
2025-05-02 13:53:31,791 INFO o.h.d.Dialect [qtp1408576554-29] HHH000400: Using dialect: org.hibernate.dialect.PostgreSQL95Dialect
2025-05-02 13:53:32,567 INFO o.h.o.c.access [qtp1408576554-29] HHH10001501: Connection obtained from JdbcConnectionAccess [org.hibernate.engine.jdbc.env.internal.JdbcEnvironmentInitiator$ConnectionProviderJdbcConnectionAccess@34a2ff8a] for (non-JTA) DDL execution was not in auto-commit mode; the Connection 'local transaction' will be committed and the Connection will be set into auto-commit mode.
2025-05-02 13:53:32,631 INFO o.h.e.t.j.p.i.JtaPlatformInitiator [qtp1408576554-29] HHH000490: Using JtaPlatform implementation: [org.hibernate.engine.transaction.jta.platform.internal.NoJtaPlatform]
2025-05-02 13:54:25,496 INFO c.o.s.EmailService [qtp1408576554-25] Simulating email to Carlos Morreira (carlos@email.com) for order #1 completion.
2025-05-02 14:00:47,433 INFO o.h.v.i.u.Version [com.ordermanager.Main.main()] HV000001: Hibernate Validator 6.2.0.Final
2025-05-02 14:00:51,400 INFO o.h.j.i.u.LogHelper [qtp366280022-29] HHH000204: Processing PersistenceUnitInfo [name: orderPU]
2025-05-02 14:00:51,434 INFO o.h.Version [qtp366280022-29] HHH000412: Hibernate ORM core version 5.4.33.Final
2025-05-02 14:00:51,559 INFO o.h.a.c.Version [qtp366280022-29] HCANN000001: Hibernate Commons Annotations {5.1.2.Final}
2025-05-02 14:00:51,693 WARN o.h.o.c.pooling [qtp366280022-29] HHH10001002: Using Hibernate built-in connection pool (not for production use!)
2025-05-02 14:00:51,700 INFO o.h.o.c.pooling [qtp366280022-29] HHH10001005: using driver [org.postgresql.Driver] at URL [jdbc:postgresql://localhost:5432/orderdb]
2025-05-02 14:00:51,700 INFO o.h.o.c.pooling [qtp366280022-29] HHH10001001: Connection properties: {user=postgres, password=****}
2025-05-02 14:00:51,700 INFO o.h.o.c.pooling [qtp366280022-29] HHH10001003: Autocommit mode: false
2025-05-02 14:00:51,703 INFO o.h.e.j.c.i.DriverManagerConnectionProviderImpl [qtp366280022-29] HHH000115: Hibernate connection pool size: 20 (min=1)
2025-05-02 14:00:51,782 INFO o.h.d.Dialect [qtp366280022-29] HHH000400: Using dialect: org.hibernate.dialect.PostgreSQL95Dialect
2025-05-02 14:00:52,475 INFO o.h.o.c.access [qtp366280022-29] HHH10001501: Connection obtained from JdbcConnectionAccess [org.hibernate.engine.jdbc.env.internal.JdbcEnvironmentInitiator$ConnectionProviderJdbcConnectionAccess@4efa3ded] for (non-JTA) DDL execution was not in auto-commit mode; the Connection 'local transaction' will be committed and the Connection will be set into auto-commit mode.
2025-05-02 14:00:52,539 INFO o.h.e.t.j.p.i.JtaPlatformInitiator [qtp366280022-29] HHH000490: Using JtaPlatform implementation: [org.hibernate.engine.transaction.jta.platform.internal.NoJtaPlatform]
2025-05-02 14:28:56,032 INFO o.h.v.i.u.Version [com.ordermanager.Main.main()] HV000001: Hibernate Validator 6.2.0.Final
2025-05-02 14:29:18,351 INFO o.h.j.i.u.LogHelper [qtp1754797028-34] HHH000204: Processing PersistenceUnitInfo [name: orderPU]
2025-05-02 14:29:18,396 INFO o.h.Version [qtp1754797028-34] HHH000412: Hibernate ORM core version 5.4.33.Final
2025-05-02 14:29:18,578 INFO o.h.a.c.Version [qtp1754797028-34] HCANN000001: Hibernate Commons Annotations {5.1.2.Final}
2025-05-02 14:29:18,758 WARN o.h.o.c.pooling [qtp1754797028-34] HHH10001002: Using Hibernate built-in connection pool (not for production use!)
2025-05-02 14:29:18,764 INFO o.h.o.c.pooling [qtp1754797028-34] HHH10001005: using driver [org.postgresql.Driver] at URL [jdbc:postgresql://localhost:5432/orderdb]
2025-05-02 14:29:18,764 INFO o.h.o.c.pooling [qtp1754797028-34] HHH10001001: Connection properties: {user=postgres, password=****}
2025-05-02 14:29:18,764 INFO o.h.o.c.pooling [qtp1754797028-34] HHH10001003: Autocommit mode: false
2025-05-02 14:29:18,767 INFO o.h.e.j.c.i.DriverManagerConnectionProviderImpl [qtp1754797028-34] HHH000115: Hibernate connection pool size: 20 (min=1)
2025-05-02 14:29:18,860 INFO o.h.d.Dialect [qtp1754797028-34] HHH000400: Using dialect: org.hibernate.dialect.PostgreSQL95Dialect
2025-05-02 14:29:19,706 INFO o.h.o.c.access [qtp1754797028-34] HHH10001501: Connection obtained from JdbcConnectionAccess [org.hibernate.engine.jdbc.env.internal.JdbcEnvironmentInitiator$ConnectionProviderJdbcConnectionAccess@17899613] for (non-JTA) DDL execution was not in auto-commit mode; the Connection 'local transaction' will be committed and the Connection will be set into auto-commit mode.
2025-05-02 14:29:19,793 INFO o.h.e.t.j.p.i.JtaPlatformInitiator [qtp1754797028-34] HHH000490: Using JtaPlatform implementation: [org.hibernate.engine.transaction.jta.platform.internal.NoJtaPlatform]
2025-05-02 14:30:34,821 INFO c.o.s.EmailService [qtp1754797028-27] Simulating email to Carlos Morreira (carlos@email.com) for order #3 completion.
2025-05-02 14:35:29,151 INFO o.h.v.i.u.Version [main] HV000001: Hibernate Validator 6.2.0.Final
2025-05-02 14:35:39,757 INFO o.h.j.i.u.LogHelper [qtp1066376662-17] HHH000204: Processing PersistenceUnitInfo [name: orderPU]
2025-05-02 14:35:39,795 INFO o.h.Version [qtp1066376662-17] HHH000412: Hibernate ORM core version 5.4.33.Final
2025-05-02 14:35:39,942 INFO o.h.a.c.Version [qtp1066376662-17] HCANN000001: Hibernate Commons Annotations {5.1.2.Final}
2025-05-02 14:35:40,146 WARN o.h.o.c.pooling [qtp1066376662-17] HHH10001002: Using Hibernate built-in connection pool (not for production use!)
2025-05-02 14:35:40,151 INFO o.h.o.c.pooling [qtp1066376662-17] HHH10001005: using driver [org.postgresql.Driver] at URL [jdbc:postgresql://localhost:5432/orderdb]
2025-05-02 14:35:40,151 INFO o.h.o.c.pooling [qtp1066376662-17] HHH10001001: Connection properties: {user=postgres, password=****}
2025-05-02 14:35:40,151 INFO o.h.o.c.pooling [qtp1066376662-17] HHH10001003: Autocommit mode: false
2025-05-02 14:35:40,153 INFO o.h.e.j.c.i.DriverManagerConnectionProviderImpl [qtp1066376662-17] HHH000115: Hibernate connection pool size: 20 (min=1)
2025-05-02 14:35:40,230 INFO o.h.d.Dialect [qtp1066376662-17] HHH000400: Using dialect: org.hibernate.dialect.PostgreSQL95Dialect
2025-05-02 14:35:40,914 INFO o.h.o.c.access [qtp1066376662-17] HHH10001501: Connection obtained from JdbcConnectionAccess [org.hibernate.engine.jdbc.env.internal.JdbcEnvironmentInitiator$ConnectionProviderJdbcConnectionAccess@40d5cc3f] for (non-JTA) DDL execution was not in auto-commit mode; the Connection 'local transaction' will be committed and the Connection will be set into auto-commit mode.
2025-05-02 14:35:40,985 INFO o.h.e.t.j.p.i.JtaPlatformInitiator [qtp1066376662-17] HHH000490: Using JtaPlatform implementation: [org.hibernate.engine.transaction.jta.platform.internal.NoJtaPlatform]
2025-05-02 14:36:37,310 INFO o.h.v.i.u.Version [com.ordermanager.Main.main()] HV000001: Hibernate Validator 6.2.0.Final
2025-05-02 14:36:41,903 INFO o.h.j.i.u.LogHelper [qtp1393823013-34] HHH000204: Processing PersistenceUnitInfo [name: orderPU]
2025-05-02 14:36:41,934 INFO o.h.Version [qtp1393823013-34] HHH000412: Hibernate ORM core version 5.4.33.Final
2025-05-02 14:36:42,066 INFO o.h.a.c.Version [qtp1393823013-34] HCANN000001: Hibernate Commons Annotations {5.1.2.Final}
2025-05-02 14:36:42,206 WARN o.h.o.c.pooling [qtp1393823013-34] HHH10001002: Using Hibernate built-in connection pool (not for production use!)
2025-05-02 14:36:42,211 INFO o.h.o.c.pooling [qtp1393823013-34] HHH10001005: using driver [org.postgresql.Driver] at URL [jdbc:postgresql://localhost:5432/orderdb]
2025-05-02 14:36:42,212 INFO o.h.o.c.pooling [qtp1393823013-34] HHH10001001: Connection properties: {user=postgres, password=****}
2025-05-02 14:36:42,212 INFO o.h.o.c.pooling [qtp1393823013-34] HHH10001003: Autocommit mode: false
2025-05-02 14:36:42,214 INFO o.h.e.j.c.i.DriverManagerConnectionProviderImpl [qtp1393823013-34] HHH000115: Hibernate connection pool size: 20 (min=1)
2025-05-02 14:36:42,311 INFO o.h.d.Dialect [qtp1393823013-34] HHH000400: Using dialect: org.hibernate.dialect.PostgreSQL95Dialect
2025-05-02 14:36:43,001 INFO o.h.o.c.access [qtp1393823013-34] HHH10001501: Connection obtained from JdbcConnectionAccess [org.hibernate.engine.jdbc.env.internal.JdbcEnvironmentInitiator$ConnectionProviderJdbcConnectionAccess@4668d4c2] for (non-JTA) DDL execution was not in auto-commit mode; the Connection 'local transaction' will be committed and the Connection will be set into auto-commit mode.
2025-05-02 14:36:43,068 INFO o.h.e.t.j.p.i.JtaPlatformInitiator [qtp1393823013-34] HHH000490: Using JtaPlatform implementation: [org.hibernate.engine.transaction.jta.platform.internal.NoJtaPlatform]
2025-05-02 14:40:41,197 INFO c.o.s.EmailService [qtp1393823013-24] Simulating email to Carlos Morreira (carlos@email.com) for order #4 completion.
2025-05-02 14:43:08,269 INFO c.o.s.EmailService [qtp1393823013-29] Simulating email to Carlos Morreira (carlos@email.com) for order #5 completion.
2025-05-02 15:06:30,279 INFO o.h.v.i.u.Version [com.ordermanager.Main.main()] HV000001: Hibernate Validator 6.2.0.Final
2025-05-02 15:08:14,813 INFO o.h.j.i.u.LogHelper [qtp1604507287-31] HHH000204: Processing PersistenceUnitInfo [name: orderPU]
2025-05-02 15:08:14,844 INFO o.h.Version [qtp1604507287-31] HHH000412: Hibernate ORM core version 5.4.33.Final
2025-05-02 15:08:14,975 INFO o.h.a.c.Version [qtp1604507287-31] HCANN000001: Hibernate Commons Annotations {5.1.2.Final}
2025-05-02 15:08:15,113 WARN o.h.o.c.pooling [qtp1604507287-31] HHH10001002: Using Hibernate built-in connection pool (not for production use!)
2025-05-02 15:08:15,121 INFO o.h.o.c.pooling [qtp1604507287-31] HHH10001005: using driver [org.postgresql.Driver] at URL [jdbc:postgresql://localhost:5432/orderdb]
2025-05-02 15:08:15,121 INFO o.h.o.c.pooling [qtp1604507287-31] HHH10001001: Connection properties: {user=postgres, password=****}
2025-05-02 15:08:15,121 INFO o.h.o.c.pooling [qtp1604507287-31] HHH10001003: Autocommit mode: false
2025-05-02 15:08:15,123 INFO o.h.e.j.c.i.DriverManagerConnectionProviderImpl [qtp1604507287-31] HHH000115: Hibernate connection pool size: 20 (min=1)
2025-05-02 15:08:15,212 INFO o.h.d.Dialect [qtp1604507287-31] HHH000400: Using dialect: org.hibernate.dialect.PostgreSQL95Dialect
2025-05-02 15:08:15,885 INFO o.h.o.c.access [qtp1604507287-31] HHH10001501: Connection obtained from JdbcConnectionAccess [org.hibernate.engine.jdbc.env.internal.JdbcEnvironmentInitiator$ConnectionProviderJdbcConnectionAccess@372037b0] for (non-JTA) DDL execution was not in auto-commit mode; the Connection 'local transaction' will be committed and the Connection will be set into auto-commit mode.
2025-05-02 15:08:15,950 INFO o.h.e.t.j.p.i.JtaPlatformInitiator [qtp1604507287-31] HHH000490: Using JtaPlatform implementation: [org.hibernate.engine.transaction.jta.platform.internal.NoJtaPlatform]
2025-05-02 15:11:36,479 INFO c.o.s.EmailService [qtp1604507287-25] Simulating email to Carlos Morreira (carlos@email.com) for order #6 Pendente.
2025-05-02 15:12:51,464 INFO c.o.s.EmailService [qtp1604507287-37] Simulating email to Carlos Morreira (carlos@email.com) for order #6 completion.
2025-05-02 15:14:00,667 INFO c.o.s.EmailService [qtp1604507287-25] Simulating email to Carlos Morreira (carlos@email.com) for order #7 completion.
2025-05-02 15:15:31,830 INFO c.o.s.EmailService [qtp1604507287-25] Simulating email to Carlos Morreira (carlos@email.com) for order #8 Pendente.
2025-05-02 15:25:52,603 INFO c.o.s.EmailService [qtp1604507287-37] Simulating email to Carlos Morreira (carlos@email.com) for order #9 Pendente.
2025-05-02 15:26:23,420 INFO o.h.v.i.u.Version [com.ordermanager.Main.main()] HV000001: Hibernate Validator 6.2.0.Final
2025-05-02 15:26:27,631 INFO o.h.j.i.u.LogHelper [qtp1240633492-24] HHH000204: Processing PersistenceUnitInfo [name: orderPU]
2025-05-02 15:26:27,667 INFO o.h.Version [qtp1240633492-24] HHH000412: Hibernate ORM core version 5.4.33.Final
2025-05-02 15:26:27,788 INFO o.h.a.c.Version [qtp1240633492-24] HCANN000001: Hibernate Commons Annotations {5.1.2.Final}
2025-05-02 15:26:27,911 WARN o.h.o.c.pooling [qtp1240633492-24] HHH10001002: Using Hibernate built-in connection pool (not for production use!)
2025-05-02 15:26:27,916 INFO o.h.o.c.pooling [qtp1240633492-24] HHH10001005: using driver [org.postgresql.Driver] at URL [jdbc:postgresql://localhost:5432/orderdb]
2025-05-02 15:26:27,916 INFO o.h.o.c.pooling [qtp1240633492-24] HHH10001001: Connection properties: {user=postgres, password=****}
2025-05-02 15:26:27,916 INFO o.h.o.c.pooling [qtp1240633492-24] HHH10001003: Autocommit mode: false
2025-05-02 15:26:27,918 INFO o.h.e.j.c.i.DriverManagerConnectionProviderImpl [qtp1240633492-24] HHH000115: Hibernate connection pool size: 20 (min=1)
2025-05-02 15:26:27,984 INFO o.h.d.Dialect [qtp1240633492-24] HHH000400: Using dialect: org.hibernate.dialect.PostgreSQL95Dialect
2025-05-02 15:26:28,800 INFO o.h.o.c.access [qtp1240633492-24] HHH10001501: Connection obtained from JdbcConnectionAccess [org.hibernate.engine.jdbc.env.internal.JdbcEnvironmentInitiator$ConnectionProviderJdbcConnectionAccess@303ecb0a] for (non-JTA) DDL execution was not in auto-commit mode; the Connection 'local transaction' will be committed and the Connection will be set into auto-commit mode.
2025-05-02 15:26:28,865 INFO o.h.e.t.j.p.i.JtaPlatformInitiator [qtp1240633492-24] HHH000490: Using JtaPlatform implementation: [org.hibernate.engine.transaction.jta.platform.internal.NoJtaPlatform]
2025-05-02 15:26:34,096 INFO c.o.s.EmailService [qtp1240633492-25] Simulating email to Carlos Morreira (carlos@email.com) for order #10 Pendente.
2025-05-02 15:28:54,118 INFO o.h.v.i.u.Version [com.ordermanager.Main.main()] HV000001: Hibernate Validator 6.2.0.Final
2025-05-02 15:28:57,529 INFO o.h.j.i.u.LogHelper [qtp904023647-34] HHH000204: Processing PersistenceUnitInfo [name: orderPU]
2025-05-02 15:28:57,562 INFO o.h.Version [qtp904023647-34] HHH000412: Hibernate ORM core version 5.4.33.Final
2025-05-02 15:28:57,687 INFO o.h.a.c.Version [qtp904023647-34] HCANN000001: Hibernate Commons Annotations {5.1.2.Final}
2025-05-02 15:28:57,827 WARN o.h.o.c.pooling [qtp904023647-34] HHH10001002: Using Hibernate built-in connection pool (not for production use!)
2025-05-02 15:28:57,835 INFO o.h.o.c.pooling [qtp904023647-34] HHH10001005: using driver [org.postgresql.Driver] at URL [jdbc:postgresql://localhost:5432/orderdb]
2025-05-02 15:28:57,836 INFO o.h.o.c.pooling [qtp904023647-34] HHH10001001: Connection properties: {user=postgres, password=****}
2025-05-02 15:28:57,836 INFO o.h.o.c.pooling [qtp904023647-34] HHH10001003: Autocommit mode: false
2025-05-02 15:28:57,838 INFO o.h.e.j.c.i.DriverManagerConnectionProviderImpl [qtp904023647-34] HHH000115: Hibernate connection pool size: 20 (min=1)
2025-05-02 15:28:57,919 INFO o.h.d.Dialect [qtp904023647-34] HHH000400: Using dialect: org.hibernate.dialect.PostgreSQL95Dialect
2025-05-02 15:28:58,567 INFO o.h.o.c.access [qtp904023647-34] HHH10001501: Connection obtained from JdbcConnectionAccess [org.hibernate.engine.jdbc.env.internal.JdbcEnvironmentInitiator$ConnectionProviderJdbcConnectionAccess@40bf3254] for (non-JTA) DDL execution was not in auto-commit mode; the Connection 'local transaction' will be committed and the Connection will be set into auto-commit mode.
2025-05-02 15:28:58,634 INFO o.h.e.t.j.p.i.JtaPlatformInitiator [qtp904023647-34] HHH000490: Using JtaPlatform implementation: [org.hibernate.engine.transaction.jta.platform.internal.NoJtaPlatform]
2025-05-02 15:29:09,608 INFO c.o.s.EmailService [qtp904023647-26] Simulating email to Carlos Morreira (carlos@email.com) for order #11 Pendente.
2025-05-02 15:35:48,539 INFO o.h.v.i.u.Version [com.ordermanager.Main.main()] HV000001: Hibernate Validator 6.2.0.Final
2025-05-02 15:36:01,575 INFO o.h.j.i.u.LogHelper [qtp1393823013-26] HHH000204: Processing PersistenceUnitInfo [name: orderPU]
2025-05-02 15:36:01,612 INFO o.h.Version [qtp1393823013-26] HHH000412: Hibernate ORM core version 5.4.33.Final
2025-05-02 15:36:01,770 INFO o.h.a.c.Version [qtp1393823013-26] HCANN000001: Hibernate Commons Annotations {5.1.2.Final}
2025-05-02 15:36:01,985 WARN o.h.o.c.pooling [qtp1393823013-26] HHH10001002: Using Hibernate built-in connection pool (not for production use!)
2025-05-02 15:36:01,992 INFO o.h.o.c.pooling [qtp1393823013-26] HHH10001005: using driver [org.postgresql.Driver] at URL [jdbc:postgresql://localhost:5432/orderdb]
2025-05-02 15:36:01,992 INFO o.h.o.c.pooling [qtp1393823013-26] HHH10001001: Connection properties: {user=postgres, password=****}
2025-05-02 15:36:01,992 INFO o.h.o.c.pooling [qtp1393823013-26] HHH10001003: Autocommit mode: false
2025-05-02 15:36:01,994 INFO o.h.e.j.c.i.DriverManagerConnectionProviderImpl [qtp1393823013-26] HHH000115: Hibernate connection pool size: 20 (min=1)
2025-05-02 15:36:02,085 INFO o.h.d.Dialect [qtp1393823013-26] HHH000400: Using dialect: org.hibernate.dialect.PostgreSQL95Dialect
2025-05-02 15:36:02,801 INFO o.h.o.c.access [qtp1393823013-26] HHH10001501: Connection obtained from JdbcConnectionAccess [org.hibernate.engine.jdbc.env.internal.JdbcEnvironmentInitiator$ConnectionProviderJdbcConnectionAccess@446a36c] for (non-JTA) DDL execution was not in auto-commit mode; the Connection 'local transaction' will be committed and the Connection will be set into auto-commit mode.
2025-05-02 15:36:02,869 INFO o.h.e.t.j.p.i.JtaPlatformInitiator [qtp1393823013-26] HHH000490: Using JtaPlatform implementation: [org.hibernate.engine.transaction.jta.platform.internal.NoJtaPlatform]
2025-05-02 15:36:31,570 INFO c.o.s.EmailService [qtp1393823013-25] Simulating email to Carlos Morreira (carlos@email.com) for order #8 completion.
2025-05-02 15:36:31,588 INFO c.o.s.EmailService [qtp1393823013-25] Simulating email to Carlos Morreira (carlos@email.com) for order #9 completion.
2025-05-02 15:36:31,606 INFO c.o.s.EmailService [qtp1393823013-25] Simulating email to Carlos Morreira (carlos@email.com) for order #10 completion.
2025-05-02 15:36:31,633 INFO c.o.s.EmailService [qtp1393823013-25] Simulating email to Carlos Morreira (carlos@email.com) for order #11 completion.
2025-05-02 15:45:11,171 INFO o.h.v.i.u.Version [com.ordermanager.Main.main()] HV000001: Hibernate Validator 6.2.0.Final
2025-05-02 15:45:29,586 INFO o.h.j.i.u.LogHelper [qtp1754797028-30] HHH000204: Processing PersistenceUnitInfo [name: orderPU]
2025-05-02 15:45:29,627 INFO o.h.Version [qtp1754797028-30] HHH000412: Hibernate ORM core version 5.4.33.Final
2025-05-02 15:45:29,775 INFO o.h.a.c.Version [qtp1754797028-30] HCANN000001: Hibernate Commons Annotations {5.1.2.Final}
2025-05-02 15:45:29,933 WARN o.h.o.c.pooling [qtp1754797028-30] HHH10001002: Using Hibernate built-in connection pool (not for production use!)
2025-05-02 15:45:29,938 INFO o.h.o.c.pooling [qtp1754797028-30] HHH10001005: using driver [org.postgresql.Driver] at URL [jdbc:postgresql://localhost:5432/orderdb]
2025-05-02 15:45:29,939 INFO o.h.o.c.pooling [qtp1754797028-30] HHH10001001: Connection properties: {user=postgres, password=****}
2025-05-02 15:45:29,939 INFO o.h.o.c.pooling [qtp1754797028-30] HHH10001003: Autocommit mode: false
2025-05-02 15:45:29,942 INFO o.h.e.j.c.i.DriverManagerConnectionProviderImpl [qtp1754797028-30] HHH000115: Hibernate connection pool size: 20 (min=1)
2025-05-02 15:45:30,038 INFO o.h.d.Dialect [qtp1754797028-30] HHH000400: Using dialect: org.hibernate.dialect.PostgreSQL95Dialect
2025-05-02 15:45:30,768 INFO o.h.o.c.access [qtp1754797028-30] HHH10001501: Connection obtained from JdbcConnectionAccess [org.hibernate.engine.jdbc.env.internal.JdbcEnvironmentInitiator$ConnectionProviderJdbcConnectionAccess@42597c37] for (non-JTA) DDL execution was not in auto-commit mode; the Connection 'local transaction' will be committed and the Connection will be set into auto-commit mode.
2025-05-02 15:45:30,837 INFO o.h.e.t.j.p.i.JtaPlatformInitiator [qtp1754797028-30] HHH000490: Using JtaPlatform implementation: [org.hibernate.engine.transaction.jta.platform.internal.NoJtaPlatform]
2025-05-02 15:45:30,944 INFO c.o.c.UserController [qtp1754797028-30] Headers recebidos: {Accept=[*/*], User-Agent=[PostmanRuntime/7.43.3], Connection=[keep-alive], Postman-Token=[f357662b-ecf7-47df-9fe2-9ba04d89141b], Host=[localhost:8080], Accept-Encoding=[gzip, deflate, br], Content-Length=[49], Content-Type=[application/json]}
2025-05-02 15:45:30,945 INFO c.o.c.UserController [qtp1754797028-30] User recebido para criação: com.ordermanager.model.User@c05f804
2025-05-02 15:45:37,318 INFO c.o.c.UserController [qtp1754797028-25] Pedido para listar todos os utilizadores
2025-05-02 15:45:54,473 INFO c.o.c.UserController [qtp1754797028-29] Pedido para obter User com ID: 1
2025-05-02 15:46:02,928 INFO c.o.c.UserController [qtp1754797028-31] Pedido para atualizar User com ID: 1
2025-05-02 15:46:09,456 INFO c.o.c.UserController [qtp1754797028-29] Pedido para apagar User com ID: 2
2025-05-02 15:46:09,459 WARN c.o.c.UserController [qtp1754797028-29] User com ID 2 não encontrado para remoção
2025-05-02 15:46:25,526 INFO c.o.c.UserController [qtp1754797028-31] Pedido para apagar User com ID: 3
2025-05-02 15:46:32,905 INFO c.o.c.UserController [qtp1754797028-29] Pedido para listar todos os utilizadores
2025-05-02 15:52:40,200 INFO o.h.v.i.u.Version [com.ordermanager.Main.main()] HV000001: Hibernate Validator 6.2.0.Final
2025-05-02 15:52:50,003 INFO o.h.j.i.u.LogHelper [qtp778999066-29] HHH000204: Processing PersistenceUnitInfo [name: orderPU]
2025-05-02 15:52:50,034 INFO o.h.Version [qtp778999066-29] HHH000412: Hibernate ORM core version 5.4.33.Final
2025-05-02 15:52:50,155 INFO o.h.a.c.Version [qtp778999066-29] HCANN000001: Hibernate Commons Annotations {5.1.2.Final}
2025-05-02 15:52:50,278 WARN o.h.o.c.pooling [qtp778999066-29] HHH10001002: Using Hibernate built-in connection pool (not for production use!)
2025-05-02 15:52:50,282 INFO o.h.o.c.pooling [qtp778999066-29] HHH10001005: using driver [org.postgresql.Driver] at URL [jdbc:postgresql://localhost:5432/orderdb]
2025-05-02 15:52:50,283 INFO o.h.o.c.pooling [qtp778999066-29] HHH10001001: Connection properties: {user=postgres, password=****}
2025-05-02 15:52:50,283 INFO o.h.o.c.pooling [qtp778999066-29] HHH10001003: Autocommit mode: false
2025-05-02 15:52:50,284 INFO o.h.e.j.c.i.DriverManagerConnectionProviderImpl [qtp778999066-29] HHH000115: Hibernate connection pool size: 20 (min=1)
2025-05-02 15:52:50,357 INFO o.h.d.Dialect [qtp778999066-29] HHH000400: Using dialect: org.hibernate.dialect.PostgreSQL95Dialect
2025-05-02 15:52:51,234 INFO o.h.o.c.access [qtp778999066-29] HHH10001501: Connection obtained from JdbcConnectionAccess [org.hibernate.engine.jdbc.env.internal.JdbcEnvironmentInitiator$ConnectionProviderJdbcConnectionAccess@3a03b3fb] for (non-JTA) DDL execution was not in auto-commit mode; the Connection 'local transaction' will be committed and the Connection will be set into auto-commit mode.
2025-05-02 15:52:51,319 INFO o.h.e.t.j.p.i.JtaPlatformInitiator [qtp778999066-29] HHH000490: Using JtaPlatform implementation: [org.hibernate.engine.transaction.jta.platform.internal.NoJtaPlatform]
2025-05-02 15:52:51,685 INFO c.o.s.EmailService [qtp778999066-29] Simulating email to Carlos Morreiras (carlos@email.com) for order #12 completion.
2025-05-02 15:52:53,753 INFO c.o.s.EmailService [qtp778999066-25] Simulating email to Carlos Morreiras (carlos@email.com) for order #13 Pendente.
2025-05-02 15:52:53,755 WARN c.o.c.OrderController [qtp778999066-25] Ordem não criada por falta de stock: Ordem criada como pendente. Será completada automaticamente assim que houver stock do item: Notebook Dell 3333
